date,factor,n_covered,universe_size,coverage_pct
2016-10-21,52w_high_proximity,460,464,0.991379
2016-10-28,52w_high_proximity,460,464,0.991379
2016-11-04,52w_high_proximity,460,465,0.989247
2016-11-11,52w_high_proximity,460,465,0.989247
2016-11-18,52w_high_proximity,460,465,0.989247
2016-11-25,52w_high_proximity,460,465,0.989247
2016-12-02,52w_high_proximity,460,465,0.989247
2016-12-09,52w_high_proximity,460,465,0.989247
2016-12-16,52w_high_proximity,460,465,0.989247
2016-12-23,52w_high_proximity,460,465,0.989247
2016-12-30,52w_high_proximity,460,465,0.989247
2017-01-06,52w_high_proximity,460,465,0.989247
2017-01-13,52w_high_proximity,460,465,0.989247
2017-01-20,52w_high_proximity,460,465,0.989247
2017-01-27,52w_high_proximity,460,465,0.989247
2017-02-03,52w_high_proximity,460,466,0.987124
2017-02-10,52w_high_proximity,460,466,0.987124
2017-02-17,52w_high_proximity,460,466,0.987124
2017-02-24,52w_high_proximity,460,466,0.987124
2017-03-03,52w_high_proximity,460,466,0.987124
2017-03-10,52w_high_proximity,460,466,0.987124
2017-03-17,52w_high_proximity,460,466,0.987124
2017-03-24,52w_high_proximity,460,466,0.987124
2017-03-31,52w_high_proximity,460,466,0.987124
2017-04-07,52w_high_proximity,460,466,0.987124
2017-04-14,52w_high_proximity,460,466,0.987124
2017-04-21,52w_high_proximity,461,466,0.98927
2017-04-28,52w_high_proximity,461,467,0.987152
2017-05-05,52w_high_proximity,461,467,0.987152
2017-05-12,52w_high_proximity,461,468,0.985043
2017-05-19,52w_high_proximity,461,468,0.985043
2017-05-26,52w_high_proximity,461,468,0.985043
2017-06-02,52w_high_proximity,462,468,0.987179
2017-06-09,52w_high_proximity,462,468,0.987179
2017-06-16,52w_high_proximity,462,468,0.987179
2017-06-23,52w_high_proximity,462,468,0.987179
2017-06-30,52w_high_proximity,462,468,0.987179
2017-07-07,52w_high_proximity,463,468,0.989316
2017-07-14,52w_high_proximity,463,468,0.989316
2017-07-21,52w_high_proximity,464,468,0.991453
2017-07-28,52w_high_proximity,464,468,0.991453
2017-08-04,52w_high_proximity,464,468,0.991453
2017-08-11,52w_high_proximity,464,468,0.991453
2017-08-18,52w_high_proximity,465,468,0.99359
2017-08-25,52w_high_proximity,465,468,0.99359
2017-09-01,52w_high_proximity,465,468,0.99359
2017-09-08,52w_high_proximity,465,468,0.99359
2017-09-15,52w_high_proximity,465,468,0.99359
2017-09-22,52w_high_proximity,465,468,0.99359
2017-09-29,52w_high_proximity,465,468,0.99359
2017-10-06,52w_high_proximity,465,468,0.99359
2017-10-13,52w_high_proximity,465,468,0.99359
2017-10-20,52w_high_proximity,465,468,0.99359
2017-10-27,52w_high_proximity,465,468,0.99359
2017-11-03,52w_high_proximity,465,468,0.99359
2017-11-10,52w_high_proximity,465,468,0.99359
2017-11-17,52w_high_proximity,466,468,0.995726
2017-11-24,52w_high_proximity,466,468,0.995726
2017-12-01,52w_high_proximity,466,468,0.995726
2017-12-08,52w_high_proximity,466,468,0.995726
2017-12-15,52w_high_proximity,466,468,0.995726
2017-12-22,52w_high_proximity,466,468,0.995726
2017-12-29,52w_high_proximity,466,468,0.995726
2018-01-05,52w_high_proximity,466,469,0.993603
2018-01-12,52w_high_proximity,466,469,0.993603
2018-01-19,52w_high_proximity,466,469,0.993603
2018-01-26,52w_high_proximity,466,469,0.993603
2018-02-02,52w_high_proximity,466,469,0.993603
2018-02-09,52w_high_proximity,466,469,0.993603
2018-02-16,52w_high_proximity,467,469,0.995736
2018-02-23,52w_high_proximity,467,469,0.995736
2018-03-02,52w_high_proximity,468,469,0.997868
2018-03-09,52w_high_proximity,468,469,0.997868
2018-03-16,52w_high_proximity,468,469,0.997868
2018-03-23,52w_high_proximity,468,469,0.997868
2018-03-30,52w_high_proximity,468,469,0.997868
2018-04-06,52w_high_proximity,468,469,0.997868
2018-04-13,52w_high_proximity,468,469,0.997868
2018-04-20,52w_high_proximity,468,469,0.997868
2018-04-27,52w_high_proximity,468,469,0.997868
2018-05-04,52w_high_proximity,468,469,0.997868
2018-05-11,52w_high_proximity,468,469,0.997868
2018-05-18,52w_high_proximity,468,469,0.997868
2018-05-25,52w_high_proximity,468,469,0.997868
2018-06-01,52w_high_proximity,468,469,0.997868
2018-06-08,52w_high_proximity,468,469,0.997868
2018-06-15,52w_high_proximity,468,469,0.997868
2018-06-22,52w_high_proximity,468,469,0.997868
2018-06-29,52w_high_proximity,468,469,0.997868
2018-07-06,52w_high_proximity,468,469,0.997868
2018-07-13,52w_high_proximity,468,469,0.997868
2018-07-20,52w_high_proximity,468,469,0.997868
2018-07-27,52w_high_proximity,468,469,0.997868
2018-08-03,52w_high_proximity,468,470,0.995745
2018-08-10,52w_high_proximity,468,470,0.995745
2018-08-17,52w_high_proximity,468,470,0.995745
2018-08-24,52w_high_proximity,468,470,0.995745
2018-08-31,52w_high_proximity,468,470,0.995745
2018-09-07,52w_high_proximity,468,470,0.995745
2018-09-14,52w_high_proximity,468,470,0.995745
2018-09-21,52w_high_proximity,468,470,0.995745
2018-09-28,52w_high_proximity,468,470,0.995745
2018-10-05,52w_high_proximity,468,470,0.995745
2018-10-12,52w_high_proximity,468,470,0.995745
2018-10-19,52w_high_proximity,469,470,0.997872
2018-10-26,52w_high_proximity,469,470,0.997872
2018-11-02,52w_high_proximity,469,470,0.997872
2018-11-09,52w_high_proximity,469,470,0.997872
2018-11-16,52w_high_proximity,469,470,0.997872
2018-11-23,52w_high_proximity,469,470,0.997872
2018-11-30,52w_high_proximity,469,470,0.997872
2018-12-07,52w_high_proximity,469,471,0.995754
2018-12-14,52w_high_proximity,469,471,0.995754
2018-12-21,52w_high_proximity,469,471,0.995754
2018-12-28,52w_high_proximity,469,471,0.995754
2019-01-04,52w_high_proximity,469,471,0.995754
2019-01-11,52w_high_proximity,469,471,0.995754
2019-01-18,52w_high_proximity,469,471,0.995754
2019-01-25,52w_high_proximity,469,471,0.995754
2019-02-01,52w_high_proximity,469,471,0.995754
2019-02-08,52w_high_proximity,469,471,0.995754
2019-02-15,52w_high_proximity,469,471,0.995754
2019-02-22,52w_high_proximity,469,471,0.995754
2019-03-01,52w_high_proximity,469,471,0.995754
2019-03-08,52w_high_proximity,469,471,0.995754
2019-03-15,52w_high_proximity,469,473,0.991543
2019-03-22,52w_high_proximity,469,474,0.989451
2019-03-29,52w_high_proximity,469,474,0.989451
2019-04-05,52w_high_proximity,469,474,0.989451
2019-04-12,52w_high_proximity,469,474,0.989451
2019-04-19,52w_high_proximity,469,474,0.989451
2019-04-26,52w_high_proximity,469,474,0.989451
2019-05-03,52w_high_proximity,469,474,0.989451
2019-05-10,52w_high_proximity,469,475,0.987368
2019-05-17,52w_high_proximity,469,475,0.987368
2019-05-24,52w_high_proximity,470,476,0.987395
2019-05-31,52w_high_proximity,470,476,0.987395
2019-06-07,52w_high_proximity,470,476,0.987395
2019-06-14,52w_high_proximity,470,477,0.985325
2019-06-21,52w_high_proximity,470,477,0.985325
2019-06-28,52w_high_proximity,470,477,0.985325
2019-07-05,52w_high_proximity,470,477,0.985325
2019-07-12,52w_high_proximity,470,477,0.985325
2019-07-19,52w_high_proximity,470,477,0.985325
2019-07-26,52w_high_proximity,470,477,0.985325
2019-08-02,52w_high_proximity,470,477,0.985325
2019-08-09,52w_high_proximity,470,477,0.985325
2019-08-16,52w_high_proximity,470,477,0.985325
2019-08-23,52w_high_proximity,470,477,0.985325
2019-08-30,52w_high_proximity,470,477,0.985325
2019-09-06,52w_high_proximity,470,477,0.985325
2019-09-13,52w_high_proximity,470,477,0.985325
2019-09-20,52w_high_proximity,470,478,0.983264
2019-09-27,52w_high_proximity,471,478,0.985356
2019-10-04,52w_high_proximity,471,478,0.985356
2019-10-11,52w_high_proximity,471,478,0.985356
2019-10-18,52w_high_proximity,471,478,0.985356
2019-10-25,52w_high_proximity,471,478,0.985356
2019-11-01,52w_high_proximity,471,478,0.985356
2019-11-08,52w_high_proximity,471,478,0.985356
2019-11-15,52w_high_proximity,471,478,0.985356
2019-11-22,52w_high_proximity,471,478,0.985356
2019-11-29,52w_high_proximity,471,478,0.985356
2019-12-06,52w_high_proximity,471,478,0.985356
2019-12-13,52w_high_proximity,471,478,0.985356
2019-12-20,52w_high_proximity,471,478,0.985356
2019-12-27,52w_high_proximity,473,478,0.98954
2020-01-03,52w_high_proximity,474,478,0.991632
2020-01-10,52w_high_proximity,474,478,0.991632
2020-01-17,52w_high_proximity,474,478,0.991632
2020-01-24,52w_high_proximity,474,478,0.991632
2020-01-31,52w_high_proximity,474,478,0.991632
2020-02-07,52w_high_proximity,474,478,0.991632
2020-02-14,52w_high_proximity,474,478,0.991632
2020-02-21,52w_high_proximity,474,478,0.991632
2020-02-28,52w_high_proximity,475,478,0.993724
2020-03-06,52w_high_proximity,475,478,0.993724
2020-03-13,52w_high_proximity,476,478,0.995816
2020-03-20,52w_high_proximity,476,480,0.991667
2020-03-27,52w_high_proximity,477,480,0.99375
2020-04-03,52w_high_proximity,477,480,0.99375
2020-04-10,52w_high_proximity,477,480,0.99375
2020-04-17,52w_high_proximity,477,480,0.99375
2020-04-24,52w_high_proximity,477,480,0.99375
2020-05-01,52w_high_proximity,477,480,0.99375
2020-05-08,52w_high_proximity,477,480,0.99375
2020-05-15,52w_high_proximity,477,480,0.99375
2020-05-22,52w_high_proximity,477,480,0.99375
2020-05-29,52w_high_proximity,477,480,0.99375
2020-06-05,52w_high_proximity,477,480,0.99375
2020-06-12,52w_high_proximity,477,480,0.99375
2020-06-19,52w_high_proximity,477,480,0.99375
2020-06-26,52w_high_proximity,477,480,0.99375
2020-07-03,52w_high_proximity,477,480,0.99375
2020-07-10,52w_high_proximity,478,480,0.995833
2020-07-17,52w_high_proximity,478,480,0.995833
2020-07-24,52w_high_proximity,478,480,0.995833
2020-07-31,52w_high_proximity,478,480,0.995833
2020-08-07,52w_high_proximity,478,480,0.995833
2020-08-14,52w_high_proximity,478,480,0.995833
2020-08-21,52w_high_proximity,478,480,0.995833
2020-08-28,52w_high_proximity,478,480,0.995833
2020-09-04,52w_high_proximity,478,480,0.995833
2020-09-11,52w_high_proximity,478,480,0.995833
2020-09-18,52w_high_proximity,478,480,0.995833
2020-09-25,52w_high_proximity,478,480,0.995833
2020-10-02,52w_high_proximity,478,481,0.993763
2020-10-09,52w_high_proximity,478,481,0.993763
2020-10-16,52w_high_proximity,478,481,0.993763
2020-10-23,52w_high_proximity,478,481,0.993763
2020-10-30,52w_high_proximity,478,481,0.993763
2020-11-06,52w_high_proximity,478,481,0.993763
2020-11-13,52w_high_proximity,478,481,0.993763
2020-11-20,52w_high_proximity,478,481,0.993763
2020-11-27,52w_high_proximity,478,481,0.993763
2020-12-04,52w_high_proximity,478,481,0.993763
2020-12-11,52w_high_proximity,478,483,0.989648
2020-12-18,52w_high_proximity,478,483,0.989648
2020-12-25,52w_high_proximity,478,483,0.989648
2021-01-01,52w_high_proximity,480,483,0.993789
2021-01-08,52w_high_proximity,480,483,0.993789
2021-01-15,52w_high_proximity,480,483,0.993789
2021-01-22,52w_high_proximity,480,483,0.993789
2021-01-29,52w_high_proximity,480,483,0.993789
2021-02-05,52w_high_proximity,480,483,0.993789
2021-02-12,52w_high_proximity,480,484,0.991736
2021-02-19,52w_high_proximity,480,484,0.991736
2021-02-26,52w_high_proximity,480,484,0.991736
2021-03-05,52w_high_proximity,480,484,0.991736
2021-03-12,52w_high_proximity,480,484,0.991736
2021-03-19,52w_high_proximity,480,484,0.991736
2021-03-26,52w_high_proximity,480,484,0.991736
2021-04-02,52w_high_proximity,480,484,0.991736
2021-04-09,52w_high_proximity,480,484,0.991736
2021-04-16,52w_high_proximity,480,486,0.987654
2021-04-23,52w_high_proximity,480,486,0.987654
2021-04-30,52w_high_proximity,480,486,0.987654
2021-05-07,52w_high_proximity,480,486,0.987654
2021-05-14,52w_high_proximity,480,486,0.987654
2021-05-21,52w_high_proximity,480,486,0.987654
2021-05-28,52w_high_proximity,480,486,0.987654
2021-06-04,52w_high_proximity,480,486,0.987654
2021-06-11,52w_high_proximity,480,486,0.987654
2021-06-18,52w_high_proximity,480,486,0.987654
2021-06-25,52w_high_proximity,480,486,0.987654
2021-07-02,52w_high_proximity,480,486,0.987654
2021-07-09,52w_high_proximity,480,486,0.987654
2021-07-16,52w_high_proximity,481,486,0.989712
2021-07-23,52w_high_proximity,481,486,0.989712
2021-07-30,52w_high_proximity,481,487,0.98768
2021-08-06,52w_high_proximity,481,487,0.98768
2021-08-13,52w_high_proximity,481,487,0.98768
2021-08-20,52w_high_proximity,481,487,0.98768
2021-08-27,52w_high_proximity,481,487,0.98768
2021-09-03,52w_high_proximity,481,487,0.98768
2021-09-10,52w_high_proximity,481,487,0.98768
2021-09-17,52w_high_proximity,481,487,0.98768
2021-09-24,52w_high_proximity,482,487,0.989733
2021-10-01,52w_high_proximity,483,487,0.991786
2021-10-08,52w_high_proximity,483,487,0.991786
2021-10-15,52w_high_proximity,483,487,0.991786
2021-10-22,52w_high_proximity,483,487,0.991786
2021-10-29,52w_high_proximity,483,487,0.991786
2021-11-05,52w_high_proximity,483,487,0.991786
2021-11-12,52w_high_proximity,483,487,0.991786
2021-11-19,52w_high_proximity,483,487,0.991786
2021-11-26,52w_high_proximity,484,487,0.99384
2021-12-03,52w_high_proximity,484,487,0.99384
2021-12-10,52w_high_proximity,484,487,0.99384
2021-12-17,52w_high_proximity,484,487,0.99384
2021-12-24,52w_high_proximity,484,487,0.99384
2021-12-31,52w_high_proximity,484,487,0.99384
2022-01-07,52w_high_proximity,484,487,0.99384
2022-01-14,52w_high_proximity,484,487,0.99384
2022-01-21,52w_high_proximity,484,488,0.991803
2022-01-28,52w_high_proximity,486,488,0.995902
2022-02-04,52w_high_proximity,486,488,0.995902
2022-02-11,52w_high_proximity,486,488,0.995902
2022-02-18,52w_high_proximity,486,488,0.995902
2022-02-25,52w_high_proximity,486,488,0.995902
2022-03-04,52w_high_proximity,486,488,0.995902
2022-03-11,52w_high_proximity,486,488,0.995902
2022-03-18,52w_high_proximity,486,488,0.995902
2022-03-25,52w_high_proximity,486,488,0.995902
2022-04-01,52w_high_proximity,486,488,0.995902
2022-04-08,52w_high_proximity,486,488,0.995902
2022-04-15,52w_high_proximity,486,488,0.995902
2022-04-22,52w_high_proximity,486,488,0.995902
2022-04-29,52w_high_proximity,486,488,0.995902
2022-05-06,52w_high_proximity,486,488,0.995902
2022-05-13,52w_high_proximity,487,488,0.997951
2022-05-20,52w_high_proximity,487,488,0.997951
2022-05-27,52w_high_proximity,487,488,0.997951
2022-06-03,52w_high_proximity,487,488,0.997951
2022-06-10,52w_high_proximity,487,488,0.997951
2022-06-17,52w_high_proximity,487,488,0.997951
2022-06-24,52w_high_proximity,487,488,0.997951
2022-07-01,52w_high_proximity,487,488,0.997951
2022-07-08,52w_high_proximity,487,488,0.997951
2022-07-15,52w_high_proximity,487,488,0.997951
2022-07-22,52w_high_proximity,487,488,0.997951
2022-07-29,52w_high_proximity,487,488,0.997951
2022-08-05,52w_high_proximity,487,488,0.997951
2022-08-12,52w_high_proximity,487,488,0.997951
2022-08-19,52w_high_proximity,487,488,0.997951
2022-08-26,52w_high_proximity,487,488,0.997951
2022-09-02,52w_high_proximity,487,488,0.997951
2022-09-09,52w_high_proximity,487,488,0.997951
2022-09-16,52w_high_proximity,487,488,0.997951
2022-09-23,52w_high_proximity,487,488,0.997951
2022-09-30,52w_high_proximity,487,488,0.997951
2022-10-07,52w_high_proximity,487,488,0.997951
2022-10-14,52w_high_proximity,487,488,0.997951
2022-10-21,52w_high_proximity,487,488,0.997951
2022-10-28,52w_high_proximity,487,488,0.997951
2022-11-04,52w_high_proximity,488,488,1.0
2022-11-11,52w_high_proximity,488,488,1.0
2022-11-18,52w_high_proximity,488,488,1.0
2022-11-25,52w_high_proximity,488,488,1.0
2022-12-02,52w_high_proximity,488,488,1.0
2022-12-09,52w_high_proximity,488,488,1.0
2022-12-16,52w_high_proximity,488,489,0.997955
2022-12-23,52w_high_proximity,488,489,0.997955
2022-12-30,52w_high_proximity,488,489,0.997955
2023-01-06,52w_high_proximity,488,489,0.997955
2023-01-13,52w_high_proximity,488,489,0.997955
2023-01-20,52w_high_proximity,488,489,0.997955
2023-01-27,52w_high_proximity,488,489,0.997955
2023-02-03,52w_high_proximity,488,489,0.997955
2023-02-10,52w_high_proximity,488,489,0.997955
2023-02-17,52w_high_proximity,488,489,0.997955
2023-02-24,52w_high_proximity,488,489,0.997955
2023-03-03,52w_high_proximity,488,489,0.997955
2023-03-10,52w_high_proximity,488,489,0.997955
2023-03-17,52w_high_proximity,488,489,0.997955
2023-03-24,52w_high_proximity,488,489,0.997955
2023-03-31,52w_high_proximity,488,489,0.997955
2023-04-07,52w_high_proximity,488,489,0.997955
2023-04-14,52w_high_proximity,488,489,0.997955
2023-04-21,52w_high_proximity,488,489,0.997955
2023-04-28,52w_high_proximity,488,489,0.997955
2023-05-05,52w_high_proximity,488,490,0.995918
2023-05-12,52w_high_proximity,488,490,0.995918
2023-05-19,52w_high_proximity,488,490,0.995918
2023-05-26,52w_high_proximity,488,490,0.995918
2023-06-02,52w_high_proximity,488,490,0.995918
2023-06-09,52w_high_proximity,488,490,0.995918
2023-06-16,52w_high_proximity,488,490,0.995918
2023-06-23,52w_high_proximity,488,490,0.995918
2023-06-30,52w_high_proximity,488,490,0.995918
2023-07-07,52w_high_proximity,488,490,0.995918
2023-07-14,52w_high_proximity,488,490,0.995918
2023-07-21,52w_high_proximity,488,490,0.995918
2023-07-28,52w_high_proximity,488,490,0.995918
2023-08-04,52w_high_proximity,488,490,0.995918
2023-08-11,52w_high_proximity,488,490,0.995918
2023-08-18,52w_high_proximity,488,490,0.995918
2023-08-25,52w_high_proximity,488,490,0.995918
2023-09-01,52w_high_proximity,488,490,0.995918
2023-09-08,52w_high_proximity,488,490,0.995918
2023-09-15,52w_high_proximity,488,490,0.995918
2023-09-22,52w_high_proximity,488,490,0.995918
2023-09-29,52w_high_proximity,488,490,0.995918
2023-10-06,52w_high_proximity,489,491,0.995927
2023-10-13,52w_high_proximity,489,491,0.995927
2023-10-20,52w_high_proximity,489,491,0.995927
2023-10-27,52w_high_proximity,489,491,0.995927
2023-11-03,52w_high_proximity,489,491,0.995927
2023-11-10,52w_high_proximity,489,491,0.995927
2023-11-17,52w_high_proximity,489,491,0.995927
2023-11-24,52w_high_proximity,489,491,0.995927
2023-12-01,52w_high_proximity,489,491,0.995927
2023-12-08,52w_high_proximity,489,491,0.995927
2023-12-15,52w_high_proximity,489,491,0.995927
2023-12-22,52w_high_proximity,489,491,0.995927
2023-12-29,52w_high_proximity,489,491,0.995927
2016-01-08,accruals,1,460,0.002174
2016-01-15,accruals,2,460,0.004348
2016-01-22,accruals,5,460,0.01087
2016-01-29,accruals,16,460,0.034783
2016-02-05,accruals,34,460,0.073913
2016-02-12,accruals,60,460,0.130435
2016-02-19,accruals,100,460,0.217391
2016-02-26,accruals,202,460,0.43913
2016-03-04,accruals,223,460,0.484783
2016-03-11,accruals,227,460,0.493478
2016-03-18,accruals,228,460,0.495652
2016-03-25,accruals,232,460,0.504348
2016-04-01,accruals,236,460,0.513043
2016-04-08,accruals,235,460,0.51087
2016-04-15,accruals,234,460,0.508696
2016-04-22,accruals,233,460,0.506522
2016-04-29,accruals,228,460,0.495652
2016-05-06,accruals,223,460,0.484783
2016-05-13,accruals,219,460,0.476087
2016-05-20,accruals,221,460,0.480435
2016-05-27,accruals,220,460,0.478261
2016-06-03,accruals,217,460,0.471739
2016-06-10,accruals,217,460,0.471739
2016-06-17,accruals,217,460,0.471739
2016-06-24,accruals,217,460,0.471739
2016-07-01,accruals,215,460,0.467391
2016-07-08,accruals,214,461,0.464208
2016-07-15,accruals,212,461,0.45987
2016-07-22,accruals,201,461,0.436009
2016-07-29,accruals,137,461,0.29718
2016-08-05,accruals,49,461,0.106291
2016-08-12,accruals,34,461,0.073753
2016-08-19,accruals,36,462,0.077922
2016-08-26,accruals,37,462,0.080087
2016-09-02,accruals,37,462,0.080087
2016-09-09,accruals,36,462,0.077922
2016-09-16,accruals,36,462,0.077922
2016-09-23,accruals,37,463,0.079914
2016-09-30,accruals,37,463,0.079914
2016-10-07,accruals,37,464,0.079741
2016-10-14,accruals,37,464,0.079741
2016-10-21,accruals,38,464,0.081897
2016-10-28,accruals,38,464,0.081897
2016-11-04,accruals,39,465,0.083871
2016-11-11,accruals,38,465,0.08172
2016-11-18,accruals,45,465,0.096774
2016-11-25,accruals,51,465,0.109677
2016-12-02,accruals,51,465,0.109677
2016-12-09,accruals,49,465,0.105376
2016-12-16,accruals,52,465,0.111828
2016-12-23,accruals,54,465,0.116129
2016-12-30,accruals,54,465,0.116129
2017-01-06,accruals,51,465,0.109677
2017-01-13,accruals,49,465,0.105376
2017-01-20,accruals,50,465,0.107527
2017-01-27,accruals,49,465,0.105376
2017-02-03,accruals,55,466,0.118026
2017-02-10,accruals,68,466,0.145923
2017-02-17,accruals,98,466,0.2103
2017-02-24,accruals,178,466,0.381974
2017-03-03,accruals,233,466,0.5
2017-03-10,accruals,234,466,0.502146
2017-03-17,accruals,234,466,0.502146
2017-03-24,accruals,237,466,0.508584
2017-03-31,accruals,242,466,0.519313
2017-04-07,accruals,241,466,0.517167
2017-04-14,accruals,241,466,0.517167
2017-04-21,accruals,240,466,0.515021
2017-04-28,accruals,240,467,0.513919
2017-05-05,accruals,235,467,0.503212
2017-05-12,accruals,233,468,0.497863
2017-05-19,accruals,235,468,0.502137
2017-05-26,accruals,236,468,0.504274
2017-06-02,accruals,232,468,0.495726
2017-06-09,accruals,229,468,0.489316
2017-06-16,accruals,229,468,0.489316
2017-06-23,accruals,229,468,0.489316
2017-06-30,accruals,227,468,0.485043
2017-07-07,accruals,227,468,0.485043
2017-07-14,accruals,225,468,0.480769
2017-07-21,accruals,217,468,0.463675
2017-07-28,accruals,145,468,0.309829
2017-08-04,accruals,63,468,0.134615
2017-08-11,accruals,31,468,0.066239
2017-08-18,accruals,35,468,0.074786
2017-08-25,accruals,36,468,0.076923
2017-09-01,accruals,36,468,0.076923
2017-09-08,accruals,34,468,0.07265
2017-09-15,accruals,34,468,0.07265
2017-09-22,accruals,35,468,0.074786
2017-09-29,accruals,36,468,0.076923
2017-10-06,accruals,37,468,0.07906
2017-10-13,accruals,37,468,0.07906
2017-10-20,accruals,38,468,0.081197
2017-10-27,accruals,39,468,0.083333
2017-11-03,accruals,42,468,0.089744
2017-11-10,accruals,40,468,0.08547
2017-11-17,accruals,46,468,0.098291
2017-11-24,accruals,53,468,0.113248
2017-12-01,accruals,54,468,0.115385
2017-12-08,accruals,53,468,0.113248
2017-12-15,accruals,54,468,0.115385
2017-12-22,accruals,57,468,0.121795
2017-12-29,accruals,57,468,0.121795
2018-01-05,accruals,54,469,0.115139
2018-01-12,accruals,54,469,0.115139
2018-01-19,accruals,54,469,0.115139
2018-01-26,accruals,56,469,0.119403
2018-02-02,accruals,61,469,0.130064
2018-02-09,accruals,76,469,0.162047
2018-02-16,accruals,121,469,0.257996
2018-02-23,accruals,197,469,0.420043
2018-03-02,accruals,276,469,0.588486
2018-03-09,accruals,277,469,0.590618
2018-03-16,accruals,279,469,0.594883
2018-03-23,accruals,280,469,0.597015
2018-03-30,accruals,284,469,0.605544
2018-04-06,accruals,288,469,0.614072
2018-04-13,accruals,287,469,0.61194
2018-04-20,accruals,287,469,0.61194
2018-04-27,accruals,285,469,0.607676
2018-05-04,accruals,278,469,0.592751
2018-05-11,accruals,278,469,0.592751
2018-05-18,accruals,279,469,0.594883
2018-05-25,accruals,280,469,0.597015
2018-06-01,accruals,277,469,0.590618
2018-06-08,accruals,272,469,0.579957
2018-06-15,accruals,272,469,0.579957
2018-06-22,accruals,275,469,0.586354
2018-06-29,accruals,273,469,0.58209
2018-07-06,accruals,272,469,0.579957
2018-07-13,accruals,270,469,0.575693
2018-07-20,accruals,261,469,0.556503
2018-07-27,accruals,187,469,0.398721
2018-08-03,accruals,94,470,0.2
2018-08-10,accruals,38,470,0.080851
2018-08-17,accruals,42,470,0.089362
2018-08-24,accruals,46,470,0.097872
2018-08-31,accruals,46,470,0.097872
2018-09-07,accruals,45,470,0.095745
2018-09-14,accruals,43,470,0.091489
2018-09-21,accruals,43,470,0.091489
2018-09-28,accruals,44,470,0.093617
2018-10-05,accruals,45,470,0.095745
2018-10-12,accruals,45,470,0.095745
2018-10-19,accruals,47,470,0.1
2018-10-26,accruals,50,470,0.106383
2018-11-02,accruals,50,470,0.106383
2018-11-09,accruals,49,470,0.104255
2018-11-16,accruals,55,470,0.117021
2018-11-23,accruals,61,470,0.129787
2018-11-30,accruals,61,470,0.129787
2018-12-07,accruals,62,471,0.131635
2018-12-14,accruals,65,471,0.138004
2018-12-21,accruals,66,471,0.140127
2018-12-28,accruals,66,471,0.140127
2019-01-04,accruals,65,471,0.138004
2019-01-11,accruals,63,471,0.133758
2019-01-18,accruals,63,471,0.133758
2019-01-25,accruals,66,471,0.140127
2019-02-01,accruals,68,471,0.144374
2019-02-08,accruals,86,471,0.18259
2019-02-15,accruals,134,471,0.284501
2019-02-22,accruals,224,471,0.475584
2019-03-01,accruals,319,471,0.677282
2019-03-08,accruals,319,471,0.677282
2019-03-15,accruals,321,473,0.678647
2019-03-22,accruals,322,474,0.679325
2019-03-29,accruals,328,474,0.691983
2019-04-05,accruals,333,474,0.702532
2019-04-12,accruals,332,474,0.700422
2019-04-19,accruals,332,474,0.700422
2019-04-26,accruals,327,474,0.689873
2019-05-03,accruals,325,474,0.685654
2019-05-10,accruals,318,475,0.669474
2019-05-17,accruals,322,475,0.677895
2019-05-24,accruals,321,476,0.67437
2019-05-31,accruals,318,476,0.668067
2019-06-07,accruals,318,476,0.668067
2019-06-14,accruals,316,477,0.662474
2019-06-21,accruals,319,477,0.668763
2019-06-28,accruals,317,477,0.66457
2019-07-05,accruals,316,477,0.662474
2019-07-12,accruals,314,477,0.658281
2019-07-19,accruals,305,477,0.639413
2019-07-26,accruals,238,477,0.498952
2019-08-02,accruals,130,477,0.272537
2019-08-09,accruals,46,477,0.096436
2019-08-16,accruals,50,477,0.104822
2019-08-23,accruals,54,477,0.113208
2019-08-30,accruals,55,477,0.115304
2019-09-06,accruals,51,477,0.106918
2019-09-13,accruals,49,477,0.102725
2019-09-20,accruals,49,478,0.10251
2019-09-27,accruals,50,478,0.104603
2019-10-04,accruals,51,478,0.106695
2019-10-11,accruals,52,478,0.108787
2019-10-18,accruals,53,478,0.110879
2019-10-25,accruals,53,478,0.110879
2019-11-01,accruals,57,478,0.119247
2019-11-08,accruals,54,478,0.112971
2019-11-15,accruals,63,478,0.131799
2019-11-22,accruals,66,478,0.138075
2019-11-29,accruals,71,478,0.148536
2019-12-06,accruals,71,478,0.148536
2019-12-13,accruals,73,478,0.15272
2019-12-20,accruals,75,478,0.156904
2019-12-27,accruals,75,478,0.156904
2020-01-03,accruals,74,478,0.154812
2020-01-10,accruals,72,478,0.150628
2020-01-17,accruals,72,478,0.150628
2020-01-24,accruals,76,478,0.158996
2020-01-31,accruals,83,478,0.17364
2020-02-07,accruals,96,478,0.200837
2020-02-14,accruals,143,478,0.299163
2020-02-21,accruals,236,478,0.493724
2020-02-28,accruals,336,478,0.702929
2020-03-06,accruals,349,478,0.730126
2020-03-13,accruals,349,478,0.730126
2020-03-20,accruals,352,480,0.733333
2020-03-27,accruals,360,480,0.75
2020-04-03,accruals,361,480,0.752083
2020-04-10,accruals,360,480,0.75
2020-04-17,accruals,360,480,0.75
2020-04-24,accruals,360,480,0.75
2020-05-01,accruals,353,480,0.735417
2020-05-08,accruals,342,480,0.7125
2020-05-15,accruals,343,480,0.714583
2020-05-22,accruals,343,480,0.714583
2020-05-29,accruals,345,480,0.71875
2020-06-05,accruals,340,480,0.708333
2020-06-12,accruals,339,480,0.70625
2020-06-19,accruals,342,480,0.7125
2020-06-26,accruals,341,480,0.710417
2020-07-03,accruals,342,480,0.7125
2020-07-10,accruals,340,480,0.708333
2020-07-17,accruals,335,480,0.697917
2020-07-24,accruals,303,480,0.63125
2020-07-31,accruals,185,480,0.385417
2020-08-07,accruals,66,480,0.1375
2020-08-14,accruals,57,480,0.11875
2020-08-21,accruals,56,480,0.116667
2020-08-28,accruals,57,480,0.11875
2020-09-04,accruals,56,480,0.116667
2020-09-11,accruals,53,480,0.110417
2020-09-18,accruals,53,480,0.110417
2020-09-25,accruals,54,480,0.1125
2020-10-02,accruals,54,481,0.112266
2020-10-09,accruals,55,481,0.114345
2020-10-16,accruals,55,481,0.114345
2020-10-23,accruals,57,481,0.118503
2020-10-30,accruals,60,481,0.12474
2020-11-06,accruals,52,481,0.108108
2020-11-13,accruals,57,481,0.118503
2020-11-20,accruals,67,481,0.139293
2020-11-27,accruals,71,481,0.147609
2020-12-04,accruals,70,481,0.14553
2020-12-11,accruals,72,483,0.149068
2020-12-18,accruals,74,483,0.153209
2020-12-25,accruals,74,483,0.153209
2021-01-01,accruals,74,483,0.153209
2021-01-08,accruals,71,483,0.146998
2021-01-15,accruals,72,483,0.149068
2021-01-22,accruals,74,483,0.153209
2021-01-29,accruals,80,483,0.165631
2021-02-05,accruals,88,483,0.182195
2021-02-12,accruals,141,484,0.291322
2021-02-19,accruals,213,484,0.440083
2021-02-26,accruals,341,484,0.704545
2021-03-05,accruals,357,484,0.737603
2021-03-12,accruals,355,484,0.733471
2021-03-19,accruals,358,484,0.739669
2021-03-26,accruals,362,484,0.747934
2021-04-02,accruals,365,484,0.754132
2021-04-09,accruals,364,484,0.752066
2021-04-16,accruals,364,486,0.748971
2021-04-23,accruals,366,486,0.753086
2021-04-30,accruals,355,486,0.730453
2021-05-07,accruals,346,486,0.711934
2021-05-14,accruals,346,486,0.711934
2021-05-21,accruals,348,486,0.716049
2021-05-28,accruals,349,486,0.718107
2021-06-04,accruals,345,486,0.709877
2021-06-11,accruals,344,486,0.707819
2021-06-18,accruals,345,486,0.709877
2021-06-25,accruals,348,486,0.716049
2021-07-02,accruals,345,486,0.709877
2021-07-09,accruals,345,486,0.709877
2021-07-16,accruals,342,486,0.703704
2021-07-23,accruals,313,486,0.644033
2021-07-30,accruals,204,487,0.418891
2021-08-06,accruals,69,487,0.141684
2021-08-13,accruals,53,487,0.10883
2021-08-20,accruals,57,487,0.117043
2021-08-27,accruals,56,487,0.11499
2021-09-03,accruals,53,487,0.10883
2021-09-10,accruals,52,487,0.106776
2021-09-17,accruals,52,487,0.106776
2021-09-24,accruals,53,487,0.10883
2021-10-01,accruals,53,487,0.10883
2021-10-08,accruals,54,487,0.110883
2021-10-15,accruals,55,487,0.112936
2021-10-22,accruals,57,487,0.117043
2021-10-29,accruals,59,487,0.12115
2021-11-05,accruals,55,487,0.112936
2021-11-12,accruals,58,487,0.119097
2021-11-19,accruals,68,487,0.13963
2021-11-26,accruals,73,487,0.149897
2021-12-03,accruals,72,487,0.147844
2021-12-10,accruals,74,487,0.151951
2021-12-17,accruals,78,487,0.160164
2021-12-24,accruals,77,487,0.158111
2021-12-31,accruals,77,487,0.158111
2022-01-07,accruals,74,487,0.151951
2022-01-14,accruals,74,487,0.151951
2022-01-21,accruals,74,488,0.151639
2022-01-28,accruals,80,488,0.163934
2022-02-04,accruals,88,488,0.180328
2022-02-11,accruals,132,488,0.270492
2022-02-18,accruals,207,488,0.42418
2022-02-25,accruals,331,488,0.678279
2022-03-04,accruals,356,488,0.729508
2022-03-11,accruals,355,488,0.727459
2022-03-18,accruals,360,488,0.737705
2022-03-25,accruals,364,488,0.745902
2022-04-01,accruals,367,488,0.752049
2022-04-08,accruals,366,488,0.75
2022-04-15,accruals,366,488,0.75
2022-04-22,accruals,369,488,0.756148
2022-04-29,accruals,365,488,0.747951
2022-05-06,accruals,356,488,0.729508
2022-05-13,accruals,357,488,0.731557
2022-05-20,accruals,358,488,0.733607
2022-05-27,accruals,359,488,0.735656
2022-06-03,accruals,355,488,0.727459
2022-06-10,accruals,354,488,0.72541
2022-06-17,accruals,356,488,0.729508
2022-06-24,accruals,358,488,0.733607
2022-07-01,accruals,355,488,0.727459
2022-07-08,accruals,355,488,0.727459
2022-07-15,accruals,353,488,0.723361
2022-07-22,accruals,332,488,0.680328
2022-07-29,accruals,216,488,0.442623
2022-08-05,accruals,78,488,0.159836
2022-08-12,accruals,59,488,0.120902
2022-08-19,accruals,61,488,0.125
2022-08-26,accruals,61,488,0.125
2022-09-02,accruals,57,488,0.116803
2022-09-09,accruals,57,488,0.116803
2022-09-16,accruals,57,488,0.116803
2022-09-23,accruals,58,488,0.118852
2022-09-30,accruals,59,488,0.120902
2022-10-07,accruals,60,488,0.122951
2022-10-14,accruals,61,488,0.125
2022-10-21,accruals,62,488,0.127049
2022-10-28,accruals,65,488,0.133197
2022-11-04,accruals,62,488,0.127049
2022-11-11,accruals,60,488,0.122951
2022-11-18,accruals,70,488,0.143443
2022-11-25,accruals,74,488,0.151639
2022-12-02,accruals,72,488,0.147541
2022-12-09,accruals,75,488,0.153689
2022-12-16,accruals,78,489,0.159509
2022-12-23,accruals,78,489,0.159509
2022-12-30,accruals,78,489,0.159509
2023-01-06,accruals,75,489,0.153374
2023-01-13,accruals,75,489,0.153374
2023-01-20,accruals,75,489,0.153374
2023-01-27,accruals,82,489,0.167689
2023-02-03,accruals,88,489,0.179959
2023-02-10,accruals,127,489,0.259714
2023-02-17,accruals,200,489,0.408998
2023-02-24,accruals,314,489,0.642127
2023-03-03,accruals,359,489,0.734151
2023-03-10,accruals,360,489,0.736196
2023-03-17,accruals,363,489,0.742331
2023-03-24,accruals,365,489,0.746421
2023-03-31,accruals,370,489,0.756646
2023-04-07,accruals,368,489,0.752556
2023-04-14,accruals,368,489,0.752556
2023-04-21,accruals,370,489,0.756646
2023-04-28,accruals,368,489,0.752556
2023-05-05,accruals,363,490,0.740816
2023-05-12,accruals,358,490,0.730612
2023-05-19,accruals,357,490,0.728571
2023-05-26,accruals,360,490,0.734694
2023-06-02,accruals,356,490,0.726531
2023-06-09,accruals,355,490,0.72449
2023-06-16,accruals,356,490,0.726531
2023-06-23,accruals,359,490,0.732653
2023-06-30,accruals,356,490,0.726531
2023-07-07,accruals,356,490,0.726531
2023-07-14,accruals,355,490,0.72449
2023-07-21,accruals,342,490,0.697959
2023-07-28,accruals,224,490,0.457143
2023-08-04,accruals,93,490,0.189796
2023-08-11,accruals,56,490,0.114286
2023-08-18,accruals,63,490,0.128571
2023-08-25,accruals,64,490,0.130612
2023-09-01,accruals,58,490,0.118367
2023-09-08,accruals,58,490,0.118367
2023-09-15,accruals,57,490,0.116327
2023-09-22,accruals,58,490,0.118367
2023-09-29,accruals,59,490,0.120408
2023-10-06,accruals,59,491,0.120163
2023-10-13,accruals,61,491,0.124236
2023-10-20,accruals,62,491,0.126273
2023-10-27,accruals,64,491,0.130346
2023-11-03,accruals,63,491,0.12831
2023-11-10,accruals,60,491,0.1222
2023-11-17,accruals,70,491,0.142566
2023-11-24,accruals,75,491,0.152749
2023-12-01,accruals,73,491,0.148676
2023-12-08,accruals,74,491,0.150713
2023-12-15,accruals,76,491,0.154786
2023-12-22,accruals,78,491,0.158859
2023-12-29,accruals,78,491,0.158859
2016-01-29,ivol_20d,460,460,1.0
2016-02-05,ivol_20d,460,460,1.0
2016-02-12,ivol_20d,460,460,1.0
2016-02-19,ivol_20d,460,460,1.0
2016-02-26,ivol_20d,460,460,1.0
2016-03-04,ivol_20d,460,460,1.0
2016-03-11,ivol_20d,460,460,1.0
2016-03-18,ivol_20d,460,460,1.0
2016-03-25,ivol_20d,460,460,1.0
2016-04-01,ivol_20d,460,460,1.0
2016-04-08,ivol_20d,460,460,1.0
2016-04-15,ivol_20d,460,460,1.0
2016-04-22,ivol_20d,460,460,1.0
2016-04-29,ivol_20d,460,460,1.0
2016-05-06,ivol_20d,460,460,1.0
2016-05-13,ivol_20d,460,460,1.0
2016-05-20,ivol_20d,460,460,1.0
2016-05-27,ivol_20d,460,460,1.0
2016-06-03,ivol_20d,460,460,1.0
2016-06-10,ivol_20d,460,460,1.0
2016-06-17,ivol_20d,460,460,1.0
2016-06-24,ivol_20d,460,460,1.0
2016-07-01,ivol_20d,460,460,1.0
2016-07-08,ivol_20d,460,461,0.997831
2016-07-15,ivol_20d,460,461,0.997831
2016-07-22,ivol_20d,460,461,0.997831
2016-07-29,ivol_20d,461,461,1.0
2016-08-05,ivol_20d,461,461,1.0
2016-08-12,ivol_20d,461,461,1.0
2016-08-19,ivol_20d,461,462,0.997835
2016-08-26,ivol_20d,461,462,0.997835
2016-09-02,ivol_20d,461,462,0.997835
2016-09-09,ivol_20d,462,462,1.0
2016-09-16,ivol_20d,462,462,1.0
2016-09-23,ivol_20d,462,463,0.99784
2016-09-30,ivol_20d,462,463,0.99784
2016-10-07,ivol_20d,462,464,0.99569
2016-10-14,ivol_20d,463,464,0.997845
2016-10-21,ivol_20d,463,464,0.997845
2016-10-28,ivol_20d,464,464,1.0
2016-11-04,ivol_20d,464,465,0.997849
2016-11-11,ivol_20d,464,465,0.997849
2016-11-18,ivol_20d,464,465,0.997849
2016-11-25,ivol_20d,465,465,1.0
2016-12-02,ivol_20d,465,465,1.0
2016-12-09,ivol_20d,465,465,1.0
2016-12-16,ivol_20d,465,465,1.0
2016-12-23,ivol_20d,465,465,1.0
2016-12-30,ivol_20d,465,465,1.0
2017-01-06,ivol_20d,465,465,1.0
2017-01-13,ivol_20d,465,465,1.0
2017-01-20,ivol_20d,465,465,1.0
2017-01-27,ivol_20d,465,465,1.0
2017-02-03,ivol_20d,465,466,0.997854
2017-02-10,ivol_20d,465,466,0.997854
2017-02-17,ivol_20d,465,466,0.997854
2017-02-24,ivol_20d,466,466,1.0
2017-03-03,ivol_20d,466,466,1.0
2017-03-10,ivol_20d,466,466,1.0
2017-03-17,ivol_20d,466,466,1.0
2017-03-24,ivol_20d,466,466,1.0
2017-03-31,ivol_20d,466,466,1.0
2017-04-07,ivol_20d,466,466,1.0
2017-04-14,ivol_20d,466,466,1.0
2017-04-21,ivol_20d,466,466,1.0
2017-04-28,ivol_20d,466,467,0.997859
2017-05-05,ivol_20d,466,467,0.997859
2017-05-12,ivol_20d,466,468,0.995726
2017-05-19,ivol_20d,467,468,0.997863
2017-05-26,ivol_20d,467,468,0.997863
2017-06-02,ivol_20d,468,468,1.0
2017-06-09,ivol_20d,468,468,1.0
2017-06-16,ivol_20d,468,468,1.0
2017-06-23,ivol_20d,468,468,1.0
2017-06-30,ivol_20d,468,468,1.0
2017-07-07,ivol_20d,468,468,1.0
2017-07-14,ivol_20d,468,468,1.0
2017-07-21,ivol_20d,468,468,1.0
2017-07-28,ivol_20d,468,468,1.0
2017-08-04,ivol_20d,468,468,1.0
2017-08-11,ivol_20d,468,468,1.0
2017-08-18,ivol_20d,468,468,1.0
2017-08-25,ivol_20d,468,468,1.0
2017-09-01,ivol_20d,468,468,1.0
2017-09-08,ivol_20d,468,468,1.0
2017-09-15,ivol_20d,468,468,1.0
2017-09-22,ivol_20d,468,468,1.0
2017-09-29,ivol_20d,468,468,1.0
2017-10-06,ivol_20d,468,468,1.0
2017-10-13,ivol_20d,468,468,1.0
2017-10-20,ivol_20d,468,468,1.0
2017-10-27,ivol_20d,468,468,1.0
2017-11-03,ivol_20d,468,468,1.0
2017-11-10,ivol_20d,468,468,1.0
2017-11-17,ivol_20d,468,468,1.0
2017-11-24,ivol_20d,468,468,1.0
2017-12-01,ivol_20d,468,468,1.0
2017-12-08,ivol_20d,468,468,1.0
2017-12-15,ivol_20d,468,468,1.0
2017-12-22,ivol_20d,468,468,1.0
2017-12-29,ivol_20d,468,468,1.0
2018-01-05,ivol_20d,468,469,0.997868
2018-01-12,ivol_20d,468,469,0.997868
2018-01-19,ivol_20d,468,469,0.997868
2018-01-26,ivol_20d,469,469,1.0
2018-02-02,ivol_20d,469,469,1.0
2018-02-09,ivol_20d,469,469,1.0
2018-02-16,ivol_20d,469,469,1.0
2018-02-23,ivol_20d,469,469,1.0
2018-03-02,ivol_20d,469,469,1.0
2018-03-09,ivol_20d,469,469,1.0
2018-03-16,ivol_20d,469,469,1.0
2018-03-23,ivol_20d,469,469,1.0
2018-03-30,ivol_20d,469,469,1.0
2018-04-06,ivol_20d,469,469,1.0
2018-04-13,ivol_20d,469,469,1.0
2018-04-20,ivol_20d,469,469,1.0
2018-04-27,ivol_20d,469,469,1.0
2018-05-04,ivol_20d,469,469,1.0
2018-05-11,ivol_20d,469,469,1.0
2018-05-18,ivol_20d,469,469,1.0
2018-05-25,ivol_20d,469,469,1.0
2018-06-01,ivol_20d,469,469,1.0
2018-06-08,ivol_20d,469,469,1.0
2018-06-15,ivol_20d,469,469,1.0
2018-06-22,ivol_20d,469,469,1.0
2018-06-29,ivol_20d,469,469,1.0
2018-07-06,ivol_20d,469,469,1.0
2018-07-13,ivol_20d,469,469,1.0
2018-07-20,ivol_20d,469,469,1.0
2018-07-27,ivol_20d,469,469,1.0
2018-08-03,ivol_20d,469,470,0.997872
2018-08-10,ivol_20d,469,470,0.997872
2018-08-17,ivol_20d,469,470,0.997872
2018-08-24,ivol_20d,470,470,1.0
2018-08-31,ivol_20d,470,470,1.0
2018-09-07,ivol_20d,470,470,1.0
2018-09-14,ivol_20d,470,470,1.0
2018-09-21,ivol_20d,470,470,1.0
2018-09-28,ivol_20d,470,470,1.0
2018-10-05,ivol_20d,470,470,1.0
2018-10-12,ivol_20d,470,470,1.0
2018-10-19,ivol_20d,470,470,1.0
2018-10-26,ivol_20d,470,470,1.0
2018-11-02,ivol_20d,470,470,1.0
2018-11-09,ivol_20d,470,470,1.0
2018-11-16,ivol_20d,470,470,1.0
2018-11-23,ivol_20d,470,470,1.0
2018-11-30,ivol_20d,470,470,1.0
2018-12-07,ivol_20d,470,471,0.997877
2018-12-14,ivol_20d,470,471,0.997877
2018-12-21,ivol_20d,470,471,0.997877
2018-12-28,ivol_20d,471,471,1.0
2019-01-04,ivol_20d,471,471,1.0
2019-01-11,ivol_20d,471,471,1.0
2019-01-18,ivol_20d,471,471,1.0
2019-01-25,ivol_20d,471,471,1.0
2019-02-01,ivol_20d,471,471,1.0
2019-02-08,ivol_20d,471,471,1.0
2019-02-15,ivol_20d,471,471,1.0
2019-02-22,ivol_20d,471,471,1.0
2019-03-01,ivol_20d,471,471,1.0
2019-03-08,ivol_20d,471,471,1.0
2019-03-15,ivol_20d,471,473,0.995772
2019-03-22,ivol_20d,471,474,0.993671
2019-03-29,ivol_20d,471,474,0.993671
2019-04-05,ivol_20d,473,474,0.99789
2019-04-12,ivol_20d,474,474,1.0
2019-04-19,ivol_20d,474,474,1.0
2019-04-26,ivol_20d,474,474,1.0
2019-05-03,ivol_20d,474,474,1.0
2019-05-10,ivol_20d,474,475,0.997895
2019-05-17,ivol_20d,474,475,0.997895
2019-05-24,ivol_20d,474,476,0.995798
2019-05-31,ivol_20d,475,476,0.997899
2019-06-07,ivol_20d,475,476,0.997899
2019-06-14,ivol_20d,476,477,0.997904
2019-06-21,ivol_20d,476,477,0.997904
2019-06-28,ivol_20d,476,477,0.997904
2019-07-05,ivol_20d,477,477,1.0
2019-07-12,ivol_20d,477,477,1.0
2019-07-19,ivol_20d,477,477,1.0
2019-07-26,ivol_20d,477,477,1.0
2019-08-02,ivol_20d,477,477,1.0
2019-08-09,ivol_20d,477,477,1.0
2019-08-16,ivol_20d,477,477,1.0
2019-08-23,ivol_20d,477,477,1.0
2019-08-30,ivol_20d,477,477,1.0
2019-09-06,ivol_20d,477,477,1.0
2019-09-13,ivol_20d,477,477,1.0
2019-09-20,ivol_20d,477,478,0.997908
2019-09-27,ivol_20d,477,478,0.997908
2019-10-04,ivol_20d,477,478,0.997908
2019-10-11,ivol_20d,478,478,1.0
2019-10-18,ivol_20d,478,478,1.0
2019-10-25,ivol_20d,478,478,1.0
2019-11-01,ivol_20d,478,478,1.0
2019-11-08,ivol_20d,478,478,1.0
2019-11-15,ivol_20d,478,478,1.0
2019-11-22,ivol_20d,478,478,1.0
2019-11-29,ivol_20d,478,478,1.0
2019-12-06,ivol_20d,478,478,1.0
2019-12-13,ivol_20d,478,478,1.0
2019-12-20,ivol_20d,478,478,1.0
2019-12-27,ivol_20d,478,478,1.0
2020-01-03,ivol_20d,478,478,1.0
2020-01-10,ivol_20d,478,478,1.0
2020-01-17,ivol_20d,478,478,1.0
2020-01-24,ivol_20d,478,478,1.0
2020-01-31,ivol_20d,478,478,1.0
2020-02-07,ivol_20d,478,478,1.0
2020-02-14,ivol_20d,478,478,1.0
2020-02-21,ivol_20d,478,478,1.0
2020-02-28,ivol_20d,478,478,1.0
2020-03-06,ivol_20d,478,478,1.0
2020-03-13,ivol_20d,478,478,1.0
2020-03-20,ivol_20d,478,480,0.995833
2020-03-27,ivol_20d,478,480,0.995833
2020-04-03,ivol_20d,478,480,0.995833
2020-04-10,ivol_20d,480,480,1.0
2020-04-17,ivol_20d,480,480,1.0
2020-04-24,ivol_20d,480,480,1.0
2020-05-01,ivol_20d,480,480,1.0
2020-05-08,ivol_20d,480,480,1.0
2020-05-15,ivol_20d,480,480,1.0
2020-05-22,ivol_20d,480,480,1.0
2020-05-29,ivol_20d,480,480,1.0
2020-06-05,ivol_20d,480,480,1.0
2020-06-12,ivol_20d,480,480,1.0
2020-06-19,ivol_20d,480,480,1.0
2020-06-26,ivol_20d,480,480,1.0
2020-07-03,ivol_20d,480,480,1.0
2020-07-10,ivol_20d,480,480,1.0
2020-07-17,ivol_20d,480,480,1.0
2020-07-24,ivol_20d,480,480,1.0
2020-07-31,ivol_20d,480,480,1.0
2020-08-07,ivol_20d,480,480,1.0
2020-08-14,ivol_20d,480,480,1.0
2020-08-21,ivol_20d,480,480,1.0
2020-08-28,ivol_20d,480,480,1.0
2020-09-04,ivol_20d,480,480,1.0
2020-09-11,ivol_20d,480,480,1.0
2020-09-18,ivol_20d,480,480,1.0
2020-09-25,ivol_20d,480,480,1.0
2020-10-02,ivol_20d,480,481,0.997921
2020-10-09,ivol_20d,480,481,0.997921
2020-10-16,ivol_20d,480,481,0.997921
2020-10-23,ivol_20d,481,481,1.0
2020-10-30,ivol_20d,481,481,1.0
2020-11-06,ivol_20d,481,481,1.0
2020-11-13,ivol_20d,481,481,1.0
2020-11-20,ivol_20d,481,481,1.0
2020-11-27,ivol_20d,481,481,1.0
2020-12-04,ivol_20d,481,481,1.0
2020-12-11,ivol_20d,481,483,0.995859
2020-12-18,ivol_20d,481,483,0.995859
2020-12-25,ivol_20d,481,483,0.995859
2021-01-01,ivol_20d,483,483,1.0
2021-01-08,ivol_20d,483,483,1.0
2021-01-15,ivol_20d,483,483,1.0
2021-01-22,ivol_20d,483,483,1.0
2021-01-29,ivol_20d,483,483,1.0
2021-02-05,ivol_20d,483,483,1.0
2021-02-12,ivol_20d,483,484,0.997934
2021-02-19,ivol_20d,483,484,0.997934
2021-02-26,ivol_20d,483,484,0.997934
2021-03-05,ivol_20d,484,484,1.0
2021-03-12,ivol_20d,484,484,1.0
2021-03-19,ivol_20d,484,484,1.0
2021-03-26,ivol_20d,484,484,1.0
2021-04-02,ivol_20d,484,484,1.0
2021-04-09,ivol_20d,484,484,1.0
2021-04-16,ivol_20d,484,486,0.995885
2021-04-23,ivol_20d,484,486,0.995885
2021-04-30,ivol_20d,484,486,0.995885
2021-05-07,ivol_20d,486,486,1.0
2021-05-14,ivol_20d,486,486,1.0
2021-05-21,ivol_20d,486,486,1.0
2021-05-28,ivol_20d,486,486,1.0
2021-06-04,ivol_20d,486,486,1.0
2021-06-11,ivol_20d,486,486,1.0
2021-06-18,ivol_20d,486,486,1.0
2021-06-25,ivol_20d,486,486,1.0
2021-07-02,ivol_20d,486,486,1.0
2021-07-09,ivol_20d,486,486,1.0
2021-07-16,ivol_20d,486,486,1.0
2021-07-23,ivol_20d,486,486,1.0
2021-07-30,ivol_20d,486,487,0.997947
2021-08-06,ivol_20d,486,487,0.997947
2021-08-13,ivol_20d,486,487,0.997947
2021-08-20,ivol_20d,487,487,1.0
2021-08-27,ivol_20d,487,487,1.0
2021-09-03,ivol_20d,487,487,1.0
2021-09-10,ivol_20d,487,487,1.0
2021-09-17,ivol_20d,487,487,1.0
2021-09-24,ivol_20d,487,487,1.0
2021-10-01,ivol_20d,487,487,1.0
2021-10-08,ivol_20d,487,487,1.0
2021-10-15,ivol_20d,487,487,1.0
2021-10-22,ivol_20d,487,487,1.0
2021-10-29,ivol_20d,487,487,1.0
2021-11-05,ivol_20d,487,487,1.0
2021-11-12,ivol_20d,487,487,1.0
2021-11-19,ivol_20d,487,487,1.0
2021-11-26,ivol_20d,487,487,1.0
2021-12-03,ivol_20d,487,487,1.0
2021-12-10,ivol_20d,487,487,1.0
2021-12-17,ivol_20d,487,487,1.0
2021-12-24,ivol_20d,487,487,1.0
2021-12-31,ivol_20d,487,487,1.0
2022-01-07,ivol_20d,487,487,1.0
2022-01-14,ivol_20d,487,487,1.0
2022-01-21,ivol_20d,487,488,0.997951
2022-01-28,ivol_20d,487,488,0.997951
2022-02-04,ivol_20d,487,488,0.997951
2022-02-11,ivol_20d,488,488,1.0
2022-02-18,ivol_20d,488,488,1.0
2022-02-25,ivol_20d,488,488,1.0
2022-03-04,ivol_20d,488,488,1.0
2022-03-11,ivol_20d,488,488,1.0
2022-03-18,ivol_20d,488,488,1.0
2022-03-25,ivol_20d,488,488,1.0
2022-04-01,ivol_20d,488,488,1.0
2022-04-08,ivol_20d,488,488,1.0
2022-04-15,ivol_20d,488,488,1.0
2022-04-22,ivol_20d,488,488,1.0
2022-04-29,ivol_20d,488,488,1.0
2022-05-06,ivol_20d,488,488,1.0
2022-05-13,ivol_20d,488,488,1.0
2022-05-20,ivol_20d,488,488,1.0
2022-05-27,ivol_20d,488,488,1.0
2022-06-03,ivol_20d,488,488,1.0
2022-06-10,ivol_20d,488,488,1.0
2022-06-17,ivol_20d,488,488,1.0
2022-06-24,ivol_20d,488,488,1.0
2022-07-01,ivol_20d,488,488,1.0
2022-07-08,ivol_20d,488,488,1.0
2022-07-15,ivol_20d,488,488,1.0
2022-07-22,ivol_20d,488,488,1.0
2022-07-29,ivol_20d,488,488,1.0
2022-08-05,ivol_20d,488,488,1.0
2022-08-12,ivol_20d,488,488,1.0
2022-08-19,ivol_20d,488,488,1.0
2022-08-26,ivol_20d,488,488,1.0
2022-09-02,ivol_20d,488,488,1.0
2022-09-09,ivol_20d,488,488,1.0
2022-09-16,ivol_20d,488,488,1.0
2022-09-23,ivol_20d,488,488,1.0
2022-09-30,ivol_20d,488,488,1.0
2022-10-07,ivol_20d,488,488,1.0
2022-10-14,ivol_20d,488,488,1.0
2022-10-21,ivol_20d,488,488,1.0
2022-10-28,ivol_20d,488,488,1.0
2022-11-04,ivol_20d,488,488,1.0
2022-11-11,ivol_20d,488,488,1.0
2022-11-18,ivol_20d,488,488,1.0
2022-11-25,ivol_20d,488,488,1.0
2022-12-02,ivol_20d,488,488,1.0
2022-12-09,ivol_20d,488,488,1.0
2022-12-16,ivol_20d,488,489,0.997955
2022-12-23,ivol_20d,488,489,0.997955
2022-12-30,ivol_20d,488,489,0.997955
2023-01-06,ivol_20d,489,489,1.0
2023-01-13,ivol_20d,489,489,1.0
2023-01-20,ivol_20d,489,489,1.0
2023-01-27,ivol_20d,489,489,1.0
2023-02-03,ivol_20d,489,489,1.0
2023-02-10,ivol_20d,489,489,1.0
2023-02-17,ivol_20d,489,489,1.0
2023-02-24,ivol_20d,489,489,1.0
2023-03-03,ivol_20d,489,489,1.0
2023-03-10,ivol_20d,489,489,1.0
2023-03-17,ivol_20d,489,489,1.0
2023-03-24,ivol_20d,489,489,1.0
2023-03-31,ivol_20d,489,489,1.0
2023-04-07,ivol_20d,489,489,1.0
2023-04-14,ivol_20d,489,489,1.0
2023-04-21,ivol_20d,489,489,1.0
2023-04-28,ivol_20d,489,489,1.0
2023-05-05,ivol_20d,489,490,0.997959
2023-05-12,ivol_20d,489,490,0.997959
2023-05-19,ivol_20d,489,490,0.997959
2023-05-26,ivol_20d,490,490,1.0
2023-06-02,ivol_20d,490,490,1.0
2023-06-09,ivol_20d,490,490,1.0
2023-06-16,ivol_20d,490,490,1.0
2023-06-23,ivol_20d,490,490,1.0
2023-06-30,ivol_20d,490,490,1.0
2023-07-07,ivol_20d,490,490,1.0
2023-07-14,ivol_20d,490,490,1.0
2023-07-21,ivol_20d,490,490,1.0
2023-07-28,ivol_20d,490,490,1.0
2023-08-04,ivol_20d,490,490,1.0
2023-08-11,ivol_20d,490,490,1.0
2023-08-18,ivol_20d,490,490,1.0
2023-08-25,ivol_20d,490,490,1.0
2023-09-01,ivol_20d,490,490,1.0
2023-09-08,ivol_20d,490,490,1.0
2023-09-15,ivol_20d,490,490,1.0
2023-09-22,ivol_20d,490,490,1.0
2023-09-29,ivol_20d,490,490,1.0
2023-10-06,ivol_20d,490,491,0.997963
2023-10-13,ivol_20d,490,491,0.997963
2023-10-20,ivol_20d,490,491,0.997963
2023-10-27,ivol_20d,491,491,1.0
2023-11-03,ivol_20d,491,491,1.0
2023-11-10,ivol_20d,491,491,1.0
2023-11-17,ivol_20d,491,491,1.0
2023-11-24,ivol_20d,491,491,1.0
2023-12-01,ivol_20d,491,491,1.0
2023-12-08,ivol_20d,491,491,1.0
2023-12-15,ivol_20d,491,491,1.0
2023-12-22,ivol_20d,491,491,1.0
2023-12-29,ivol_20d,491,491,1.0
2016-12-30,momentum_2_12,460,465,0.989247
2017-01-06,momentum_2_12,460,465,0.989247
2017-01-13,momentum_2_12,460,465,0.989247
2017-01-20,momentum_2_12,460,465,0.989247
2017-01-27,momentum_2_12,460,465,0.989247
2017-02-03,momentum_2_12,460,466,0.987124
2017-02-10,momentum_2_12,460,466,0.987124
2017-02-17,momentum_2_12,460,466,0.987124
2017-02-24,momentum_2_12,460,466,0.987124
2017-03-03,momentum_2_12,460,466,0.987124
2017-03-10,momentum_2_12,460,466,0.987124
2017-03-17,momentum_2_12,460,466,0.987124
2017-03-24,momentum_2_12,460,466,0.987124
2017-03-31,momentum_2_12,460,466,0.987124
2017-04-07,momentum_2_12,460,466,0.987124
2017-04-14,momentum_2_12,460,466,0.987124
2017-04-21,momentum_2_12,460,466,0.987124
2017-04-28,momentum_2_12,460,467,0.985011
2017-05-05,momentum_2_12,460,467,0.985011
2017-05-12,momentum_2_12,460,468,0.982906
2017-05-19,momentum_2_12,460,468,0.982906
2017-05-26,momentum_2_12,460,468,0.982906
2017-06-02,momentum_2_12,460,468,0.982906
2017-06-09,momentum_2_12,460,468,0.982906
2017-06-16,momentum_2_12,460,468,0.982906
2017-06-23,momentum_2_12,460,468,0.982906
2017-06-30,momentum_2_12,460,468,0.982906
2017-07-07,momentum_2_12,461,468,0.985043
2017-07-14,momentum_2_12,461,468,0.985043
2017-07-21,momentum_2_12,461,468,0.985043
2017-07-28,momentum_2_12,461,468,0.985043
2017-08-04,momentum_2_12,461,468,0.985043
2017-08-11,momentum_2_12,461,468,0.985043
2017-08-18,momentum_2_12,462,468,0.987179
2017-08-25,momentum_2_12,462,468,0.987179
2017-09-01,momentum_2_12,462,468,0.987179
2017-09-08,momentum_2_12,462,468,0.987179
2017-09-15,momentum_2_12,462,468,0.987179
2017-09-22,momentum_2_12,463,468,0.989316
2017-09-29,momentum_2_12,463,468,0.989316
2017-10-06,momentum_2_12,464,468,0.991453
2017-10-13,momentum_2_12,464,468,0.991453
2017-10-20,momentum_2_12,464,468,0.991453
2017-10-27,momentum_2_12,464,468,0.991453
2017-11-03,momentum_2_12,465,468,0.99359
2017-11-10,momentum_2_12,465,468,0.99359
2017-11-17,momentum_2_12,465,468,0.99359
2017-11-24,momentum_2_12,465,468,0.99359
2017-12-01,momentum_2_12,465,468,0.99359
2017-12-08,momentum_2_12,465,468,0.99359
2017-12-15,momentum_2_12,465,468,0.99359
2017-12-22,momentum_2_12,465,468,0.99359
2017-12-29,momentum_2_12,465,468,0.99359
2018-01-05,momentum_2_12,465,469,0.991471
2018-01-12,momentum_2_12,465,469,0.991471
2018-01-19,momentum_2_12,465,469,0.991471
2018-01-26,momentum_2_12,465,469,0.991471
2018-02-02,momentum_2_12,466,469,0.993603
2018-02-09,momentum_2_12,466,469,0.993603
2018-02-16,momentum_2_12,466,469,0.993603
2018-02-23,momentum_2_12,466,469,0.993603
2018-03-02,momentum_2_12,466,469,0.993603
2018-03-09,momentum_2_12,466,469,0.993603
2018-03-16,momentum_2_12,466,469,0.993603
2018-03-23,momentum_2_12,466,469,0.993603
2018-03-30,momentum_2_12,466,469,0.993603
2018-04-06,momentum_2_12,466,469,0.993603
2018-04-13,momentum_2_12,466,469,0.993603
2018-04-20,momentum_2_12,466,469,0.993603
2018-04-27,momentum_2_12,467,469,0.995736
2018-05-04,momentum_2_12,467,469,0.995736
2018-05-11,momentum_2_12,468,469,0.997868
2018-05-18,momentum_2_12,468,469,0.997868
2018-05-25,momentum_2_12,468,469,0.997868
2018-06-01,momentum_2_12,468,469,0.997868
2018-06-08,momentum_2_12,468,469,0.997868
2018-06-15,momentum_2_12,468,469,0.997868
2018-06-22,momentum_2_12,468,469,0.997868
2018-06-29,momentum_2_12,468,469,0.997868
2018-07-06,momentum_2_12,468,469,0.997868
2018-07-13,momentum_2_12,468,469,0.997868
2018-07-20,momentum_2_12,468,469,0.997868
2018-07-27,momentum_2_12,468,469,0.997868
2018-08-03,momentum_2_12,468,470,0.995745
2018-08-10,momentum_2_12,468,470,0.995745
2018-08-17,momentum_2_12,468,470,0.995745
2018-08-24,momentum_2_12,468,470,0.995745
2018-08-31,momentum_2_12,468,470,0.995745
2018-09-07,momentum_2_12,468,470,0.995745
2018-09-14,momentum_2_12,468,470,0.995745
2018-09-21,momentum_2_12,468,470,0.995745
2018-09-28,momentum_2_12,468,470,0.995745
2018-10-05,momentum_2_12,468,470,0.995745
2018-10-12,momentum_2_12,468,470,0.995745
2018-10-19,momentum_2_12,468,470,0.995745
2018-10-26,momentum_2_12,468,470,0.995745
2018-11-02,momentum_2_12,468,470,0.995745
2018-11-09,momentum_2_12,468,470,0.995745
2018-11-16,momentum_2_12,468,470,0.995745
2018-11-23,momentum_2_12,468,470,0.995745
2018-11-30,momentum_2_12,468,470,0.995745
2018-12-07,momentum_2_12,468,471,0.993631
2018-12-14,momentum_2_12,468,471,0.993631
2018-12-21,momentum_2_12,468,471,0.993631
2018-12-28,momentum_2_12,468,471,0.993631
2019-01-04,momentum_2_12,469,471,0.995754
2019-01-11,momentum_2_12,469,471,0.995754
2019-01-18,momentum_2_12,469,471,0.995754
2019-01-25,momentum_2_12,469,471,0.995754
2019-02-01,momentum_2_12,469,471,0.995754
2019-02-08,momentum_2_12,469,471,0.995754
2019-02-15,momentum_2_12,469,471,0.995754
2019-02-22,momentum_2_12,469,471,0.995754
2019-03-01,momentum_2_12,469,471,0.995754
2019-03-08,momentum_2_12,469,471,0.995754
2019-03-15,momentum_2_12,469,473,0.991543
2019-03-22,momentum_2_12,469,474,0.989451
2019-03-29,momentum_2_12,469,474,0.989451
2019-04-05,momentum_2_12,469,474,0.989451
2019-04-12,momentum_2_12,469,474,0.989451
2019-04-19,momentum_2_12,469,474,0.989451
2019-04-26,momentum_2_12,469,474,0.989451
2019-05-03,momentum_2_12,469,474,0.989451
2019-05-10,momentum_2_12,469,475,0.987368
2019-05-17,momentum_2_12,469,475,0.987368
2019-05-24,momentum_2_12,469,476,0.985294
2019-05-31,momentum_2_12,469,476,0.985294
2019-06-07,momentum_2_12,469,476,0.985294
2019-06-14,momentum_2_12,469,477,0.983229
2019-06-21,momentum_2_12,469,477,0.983229
2019-06-28,momentum_2_12,469,477,0.983229
2019-07-05,momentum_2_12,469,477,0.983229
2019-07-12,momentum_2_12,469,477,0.983229
2019-07-19,momentum_2_12,469,477,0.983229
2019-07-26,momentum_2_12,469,477,0.983229
2019-08-02,momentum_2_12,470,477,0.985325
2019-08-09,momentum_2_12,470,477,0.985325
2019-08-16,momentum_2_12,470,477,0.985325
2019-08-23,momentum_2_12,470,477,0.985325
2019-08-30,momentum_2_12,470,477,0.985325
2019-09-06,momentum_2_12,470,477,0.985325
2019-09-13,momentum_2_12,470,477,0.985325
2019-09-20,momentum_2_12,470,478,0.983264
2019-09-27,momentum_2_12,470,478,0.983264
2019-10-04,momentum_2_12,470,478,0.983264
2019-10-11,momentum_2_12,470,478,0.983264
2019-10-18,momentum_2_12,470,478,0.983264
2019-10-25,momentum_2_12,470,478,0.983264
2019-11-01,momentum_2_12,470,478,0.983264
2019-11-08,momentum_2_12,470,478,0.983264
2019-11-15,momentum_2_12,470,478,0.983264
2019-11-22,momentum_2_12,470,478,0.983264
2019-11-29,momentum_2_12,470,478,0.983264
2019-12-06,momentum_2_12,471,478,0.985356
2019-12-13,momentum_2_12,471,478,0.985356
2019-12-20,momentum_2_12,471,478,0.985356
2019-12-27,momentum_2_12,471,478,0.985356
2020-01-03,momentum_2_12,471,478,0.985356
2020-01-10,momentum_2_12,471,478,0.985356
2020-01-17,momentum_2_12,471,478,0.985356
2020-01-24,momentum_2_12,471,478,0.985356
2020-01-31,momentum_2_12,471,478,0.985356
2020-02-07,momentum_2_12,471,478,0.985356
2020-02-14,momentum_2_12,471,478,0.985356
2020-02-21,momentum_2_12,471,478,0.985356
2020-02-28,momentum_2_12,471,478,0.985356
2020-03-06,momentum_2_12,471,478,0.985356
2020-03-13,momentum_2_12,473,478,0.98954
2020-03-20,momentum_2_12,474,480,0.9875
2020-03-27,momentum_2_12,474,480,0.9875
2020-04-03,momentum_2_12,474,480,0.9875
2020-04-10,momentum_2_12,474,480,0.9875
2020-04-17,momentum_2_12,474,480,0.9875
2020-04-24,momentum_2_12,474,480,0.9875
2020-05-01,momentum_2_12,474,480,0.9875
2020-05-08,momentum_2_12,475,480,0.989583
2020-05-15,momentum_2_12,475,480,0.989583
2020-05-22,momentum_2_12,476,480,0.991667
2020-05-29,momentum_2_12,476,480,0.991667
2020-06-05,momentum_2_12,476,480,0.991667
2020-06-12,momentum_2_12,477,480,0.99375
2020-06-19,momentum_2_12,477,480,0.99375
2020-06-26,momentum_2_12,477,480,0.99375
2020-07-03,momentum_2_12,477,480,0.99375
2020-07-10,momentum_2_12,477,480,0.99375
2020-07-17,momentum_2_12,477,480,0.99375
2020-07-24,momentum_2_12,477,480,0.99375
2020-07-31,momentum_2_12,477,480,0.99375
2020-08-07,momentum_2_12,477,480,0.99375
2020-08-14,momentum_2_12,477,480,0.99375
2020-08-21,momentum_2_12,477,480,0.99375
2020-08-28,momentum_2_12,477,480,0.99375
2020-09-04,momentum_2_12,477,480,0.99375
2020-09-11,momentum_2_12,477,480,0.99375
2020-09-18,momentum_2_12,478,480,0.995833
2020-09-25,momentum_2_12,478,480,0.995833
2020-10-02,momentum_2_12,478,481,0.993763
2020-10-09,momentum_2_12,478,481,0.993763
2020-10-16,momentum_2_12,478,481,0.993763
2020-10-23,momentum_2_12,478,481,0.993763
2020-10-30,momentum_2_12,478,481,0.993763
2020-11-06,momentum_2_12,478,481,0.993763
2020-11-13,momentum_2_12,478,481,0.993763
2020-11-20,momentum_2_12,478,481,0.993763
2020-11-27,momentum_2_12,478,481,0.993763
2020-12-04,momentum_2_12,478,481,0.993763
2020-12-11,momentum_2_12,478,483,0.989648
2020-12-18,momentum_2_12,478,483,0.989648
2020-12-25,momentum_2_12,478,483,0.989648
2021-01-01,momentum_2_12,478,483,0.989648
2021-01-08,momentum_2_12,478,483,0.989648
2021-01-15,momentum_2_12,478,483,0.989648
2021-01-22,momentum_2_12,478,483,0.989648
2021-01-29,momentum_2_12,478,483,0.989648
2021-02-05,momentum_2_12,478,483,0.989648
2021-02-12,momentum_2_12,478,484,0.987603
2021-02-19,momentum_2_12,478,484,0.987603
2021-02-26,momentum_2_12,478,484,0.987603
2021-03-05,momentum_2_12,478,484,0.987603
2021-03-12,momentum_2_12,478,484,0.987603
2021-03-19,momentum_2_12,480,484,0.991736
2021-03-26,momentum_2_12,480,484,0.991736
2021-04-02,momentum_2_12,480,484,0.991736
2021-04-09,momentum_2_12,480,484,0.991736
2021-04-16,momentum_2_12,480,486,0.987654
2021-04-23,momentum_2_12,480,486,0.987654
2021-04-30,momentum_2_12,480,486,0.987654
2021-05-07,momentum_2_12,480,486,0.987654
2021-05-14,momentum_2_12,480,486,0.987654
2021-05-21,momentum_2_12,480,486,0.987654
2021-05-28,momentum_2_12,480,486,0.987654
2021-06-04,momentum_2_12,480,486,0.987654
2021-06-11,momentum_2_12,480,486,0.987654
2021-06-18,momentum_2_12,480,486,0.987654
2021-06-25,momentum_2_12,480,486,0.987654
2021-07-02,momentum_2_12,480,486,0.987654
2021-07-09,momentum_2_12,480,486,0.987654
2021-07-16,momentum_2_12,480,486,0.987654
2021-07-23,momentum_2_12,480,486,0.987654
2021-07-30,momentum_2_12,480,487,0.985626
2021-08-06,momentum_2_12,480,487,0.985626
2021-08-13,momentum_2_12,480,487,0.985626
2021-08-20,momentum_2_12,480,487,0.985626
2021-08-27,momentum_2_12,480,487,0.985626
2021-09-03,momentum_2_12,480,487,0.985626
2021-09-10,momentum_2_12,480,487,0.985626
2021-09-17,momentum_2_12,480,487,0.985626
2021-09-24,momentum_2_12,480,487,0.985626
2021-10-01,momentum_2_12,481,487,0.98768
2021-10-08,momentum_2_12,481,487,0.98768
2021-10-15,momentum_2_12,481,487,0.98768
2021-10-22,momentum_2_12,481,487,0.98768
2021-10-29,momentum_2_12,481,487,0.98768
2021-11-05,momentum_2_12,481,487,0.98768
2021-11-12,momentum_2_12,481,487,0.98768
2021-11-19,momentum_2_12,481,487,0.98768
2021-11-26,momentum_2_12,481,487,0.98768
2021-12-03,momentum_2_12,481,487,0.98768
2021-12-10,momentum_2_12,483,487,0.991786
2021-12-17,momentum_2_12,483,487,0.991786
2021-12-24,momentum_2_12,483,487,0.991786
2021-12-31,momentum_2_12,483,487,0.991786
2022-01-07,momentum_2_12,483,487,0.991786
2022-01-14,momentum_2_12,483,487,0.991786
2022-01-21,momentum_2_12,483,488,0.989754
2022-01-28,momentum_2_12,483,488,0.989754
2022-02-04,momentum_2_12,483,488,0.989754
2022-02-11,momentum_2_12,484,488,0.991803
2022-02-18,momentum_2_12,484,488,0.991803
2022-02-25,momentum_2_12,484,488,0.991803
2022-03-04,momentum_2_12,484,488,0.991803
2022-03-11,momentum_2_12,484,488,0.991803
2022-03-18,momentum_2_12,484,488,0.991803
2022-03-25,momentum_2_12,484,488,0.991803
2022-04-01,momentum_2_12,484,488,0.991803
2022-04-08,momentum_2_12,484,488,0.991803
2022-04-15,momentum_2_12,486,488,0.995902
2022-04-22,momentum_2_12,486,488,0.995902
2022-04-29,momentum_2_12,486,488,0.995902
2022-05-06,momentum_2_12,486,488,0.995902
2022-05-13,momentum_2_12,486,488,0.995902
2022-05-20,momentum_2_12,486,488,0.995902
2022-05-27,momentum_2_12,486,488,0.995902
2022-06-03,momentum_2_12,486,488,0.995902
2022-06-10,momentum_2_12,486,488,0.995902
2022-06-17,momentum_2_12,486,488,0.995902
2022-06-24,momentum_2_12,486,488,0.995902
2022-07-01,momentum_2_12,486,488,0.995902
2022-07-08,momentum_2_12,486,488,0.995902
2022-07-15,momentum_2_12,486,488,0.995902
2022-07-22,momentum_2_12,486,488,0.995902
2022-07-29,momentum_2_12,487,488,0.997951
2022-08-05,momentum_2_12,487,488,0.997951
2022-08-12,momentum_2_12,487,488,0.997951
2022-08-19,momentum_2_12,487,488,0.997951
2022-08-26,momentum_2_12,487,488,0.997951
2022-09-02,momentum_2_12,487,488,0.997951
2022-09-09,momentum_2_12,487,488,0.997951
2022-09-16,momentum_2_12,487,488,0.997951
2022-09-23,momentum_2_12,487,488,0.997951
2022-09-30,momentum_2_12,487,488,0.997951
2022-10-07,momentum_2_12,487,488,0.997951
2022-10-14,momentum_2_12,487,488,0.997951
2022-10-21,momentum_2_12,487,488,0.997951
2022-10-28,momentum_2_12,487,488,0.997951
2022-11-04,momentum_2_12,487,488,0.997951
2022-11-11,momentum_2_12,487,488,0.997951
2022-11-18,momentum_2_12,487,488,0.997951
2022-11-25,momentum_2_12,487,488,0.997951
2022-12-02,momentum_2_12,487,488,0.997951
2022-12-09,momentum_2_12,487,488,0.997951
2022-12-16,momentum_2_12,487,489,0.99591
2022-12-23,momentum_2_12,487,489,0.99591
2022-12-30,momentum_2_12,487,489,0.99591
2023-01-06,momentum_2_12,487,489,0.99591
2023-01-13,momentum_2_12,487,489,0.99591
2023-01-20,momentum_2_12,488,489,0.997955
2023-01-27,momentum_2_12,488,489,0.997955
2023-02-03,momentum_2_12,488,489,0.997955
2023-02-10,momentum_2_12,488,489,0.997955
2023-02-17,momentum_2_12,488,489,0.997955
2023-02-24,momentum_2_12,488,489,0.997955
2023-03-03,momentum_2_12,488,489,0.997955
2023-03-10,momentum_2_12,488,489,0.997955
2023-03-17,momentum_2_12,488,489,0.997955
2023-03-24,momentum_2_12,488,489,0.997955
2023-03-31,momentum_2_12,488,489,0.997955
2023-04-07,momentum_2_12,488,489,0.997955
2023-04-14,momentum_2_12,488,489,0.997955
2023-04-21,momentum_2_12,488,489,0.997955
2023-04-28,momentum_2_12,488,489,0.997955
2023-05-05,momentum_2_12,488,490,0.995918
2023-05-12,momentum_2_12,488,490,0.995918
2023-05-19,momentum_2_12,488,490,0.995918
2023-05-26,momentum_2_12,488,490,0.995918
2023-06-02,momentum_2_12,488,490,0.995918
2023-06-09,momentum_2_12,488,490,0.995918
2023-06-16,momentum_2_12,488,490,0.995918
2023-06-23,momentum_2_12,488,490,0.995918
2023-06-30,momentum_2_12,488,490,0.995918
2023-07-07,momentum_2_12,488,490,0.995918
2023-07-14,momentum_2_12,488,490,0.995918
2023-07-21,momentum_2_12,488,490,0.995918
2023-07-28,momentum_2_12,488,490,0.995918
2023-08-04,momentum_2_12,488,490,0.995918
2023-08-11,momentum_2_12,488,490,0.995918
2023-08-18,momentum_2_12,488,490,0.995918
2023-08-25,momentum_2_12,488,490,0.995918
2023-09-01,momentum_2_12,488,490,0.995918
2023-09-08,momentum_2_12,488,490,0.995918
2023-09-15,momentum_2_12,488,490,0.995918
2023-09-22,momentum_2_12,488,490,0.995918
2023-09-29,momentum_2_12,488,490,0.995918
2023-10-06,momentum_2_12,488,491,0.99389
2023-10-13,momentum_2_12,488,491,0.99389
2023-10-20,momentum_2_12,488,491,0.99389
2023-10-27,momentum_2_12,488,491,0.99389
2023-11-03,momentum_2_12,488,491,0.99389
2023-11-10,momentum_2_12,488,491,0.99389
2023-11-17,momentum_2_12,488,491,0.99389
2023-11-24,momentum_2_12,488,491,0.99389
2023-12-01,momentum_2_12,488,491,0.99389
2023-12-08,momentum_2_12,488,491,0.99389
2023-12-15,momentum_2_12,489,491,0.995927
2023-12-22,momentum_2_12,489,491,0.995927
2023-12-29,momentum_2_12,489,491,0.995927
2016-01-08,piotroski_f_score,7,460,0.015217
2016-01-15,piotroski_f_score,10,460,0.021739
2016-01-22,piotroski_f_score,13,460,0.028261
2016-01-29,piotroski_f_score,35,460,0.076087
2016-02-05,piotroski_f_score,79,460,0.171739
2016-02-12,piotroski_f_score,137,460,0.297826
2016-02-19,piotroski_f_score,211,460,0.458696
2016-02-26,piotroski_f_score,370,460,0.804348
2016-03-04,piotroski_f_score,412,460,0.895652
2016-03-11,piotroski_f_score,425,460,0.923913
2016-03-18,piotroski_f_score,428,460,0.930435
2016-03-25,piotroski_f_score,436,460,0.947826
2016-04-01,piotroski_f_score,446,460,0.969565
2016-04-08,piotroski_f_score,446,460,0.969565
2016-04-15,piotroski_f_score,446,460,0.969565
2016-04-22,piotroski_f_score,446,460,0.969565
2016-04-29,piotroski_f_score,447,460,0.971739
2016-05-06,piotroski_f_score,447,460,0.971739
2016-05-13,piotroski_f_score,447,460,0.971739
2016-05-20,piotroski_f_score,447,460,0.971739
2016-05-27,piotroski_f_score,447,460,0.971739
2016-06-03,piotroski_f_score,447,460,0.971739
2016-06-10,piotroski_f_score,448,460,0.973913
2016-06-17,piotroski_f_score,448,460,0.973913
2016-06-24,piotroski_f_score,448,460,0.973913
2016-07-01,piotroski_f_score,448,460,0.973913
2016-07-08,piotroski_f_score,448,461,0.9718
2016-07-15,piotroski_f_score,448,461,0.9718
2016-07-22,piotroski_f_score,448,461,0.9718
2016-07-29,piotroski_f_score,448,461,0.9718
2016-08-05,piotroski_f_score,449,461,0.97397
2016-08-12,piotroski_f_score,449,461,0.97397
2016-08-19,piotroski_f_score,449,462,0.971861
2016-08-26,piotroski_f_score,449,462,0.971861
2016-09-02,piotroski_f_score,449,462,0.971861
2016-09-09,piotroski_f_score,449,462,0.971861
2016-09-16,piotroski_f_score,449,462,0.971861
2016-09-23,piotroski_f_score,449,463,0.969762
2016-09-30,piotroski_f_score,449,463,0.969762
2016-10-07,piotroski_f_score,449,464,0.967672
2016-10-14,piotroski_f_score,449,464,0.967672
2016-10-21,piotroski_f_score,449,464,0.967672
2016-10-28,piotroski_f_score,449,464,0.967672
2016-11-04,piotroski_f_score,449,465,0.965591
2016-11-11,piotroski_f_score,450,465,0.967742
2016-11-18,piotroski_f_score,450,465,0.967742
2016-11-25,piotroski_f_score,450,465,0.967742
2016-12-02,piotroski_f_score,450,465,0.967742
2016-12-09,piotroski_f_score,450,465,0.967742
2016-12-16,piotroski_f_score,450,465,0.967742
2016-12-23,piotroski_f_score,450,465,0.967742
2016-12-30,piotroski_f_score,450,465,0.967742
2017-01-06,piotroski_f_score,450,465,0.967742
2017-01-13,piotroski_f_score,450,465,0.967742
2017-01-20,piotroski_f_score,450,465,0.967742
2017-01-27,piotroski_f_score,450,465,0.967742
2017-02-03,piotroski_f_score,450,466,0.965665
2017-02-10,piotroski_f_score,450,466,0.965665
2017-02-17,piotroski_f_score,450,466,0.965665
2017-02-24,piotroski_f_score,450,466,0.965665
2017-03-03,piotroski_f_score,451,466,0.967811
2017-03-10,piotroski_f_score,451,466,0.967811
2017-03-17,piotroski_f_score,451,466,0.967811
2017-03-24,piotroski_f_score,451,466,0.967811
2017-03-31,piotroski_f_score,451,466,0.967811
2017-04-07,piotroski_f_score,451,466,0.967811
2017-04-14,piotroski_f_score,451,466,0.967811
2017-04-21,piotroski_f_score,451,466,0.967811
2017-04-28,piotroski_f_score,451,467,0.965739
2017-05-05,piotroski_f_score,451,467,0.965739
2017-05-12,piotroski_f_score,452,468,0.965812
2017-05-19,piotroski_f_score,452,468,0.965812
2017-05-26,piotroski_f_score,452,468,0.965812
2017-06-02,piotroski_f_score,452,468,0.965812
2017-06-09,piotroski_f_score,452,468,0.965812
2017-06-16,piotroski_f_score,452,468,0.965812
2017-06-23,piotroski_f_score,452,468,0.965812
2017-06-30,piotroski_f_score,452,468,0.965812
2017-07-07,piotroski_f_score,452,468,0.965812
2017-07-14,piotroski_f_score,452,468,0.965812
2017-07-21,piotroski_f_score,452,468,0.965812
2017-07-28,piotroski_f_score,452,468,0.965812
2017-08-04,piotroski_f_score,453,468,0.967949
2017-08-11,piotroski_f_score,454,468,0.970085
2017-08-18,piotroski_f_score,454,468,0.970085
2017-08-25,piotroski_f_score,454,468,0.970085
2017-09-01,piotroski_f_score,454,468,0.970085
2017-09-08,piotroski_f_score,454,468,0.970085
2017-09-15,piotroski_f_score,454,468,0.970085
2017-09-22,piotroski_f_score,454,468,0.970085
2017-09-29,piotroski_f_score,454,468,0.970085
2017-10-06,piotroski_f_score,454,468,0.970085
2017-10-13,piotroski_f_score,454,468,0.970085
2017-10-20,piotroski_f_score,454,468,0.970085
2017-10-27,piotroski_f_score,454,468,0.970085
2017-11-03,piotroski_f_score,455,468,0.972222
2017-11-10,piotroski_f_score,456,468,0.974359
2017-11-17,piotroski_f_score,456,468,0.974359
2017-11-24,piotroski_f_score,456,468,0.974359
2017-12-01,piotroski_f_score,456,468,0.974359
2017-12-08,piotroski_f_score,456,468,0.974359
2017-12-15,piotroski_f_score,456,468,0.974359
2017-12-22,piotroski_f_score,456,468,0.974359
2017-12-29,piotroski_f_score,456,468,0.974359
2018-01-05,piotroski_f_score,456,469,0.972281
2018-01-12,piotroski_f_score,456,469,0.972281
2018-01-19,piotroski_f_score,456,469,0.972281
2018-01-26,piotroski_f_score,456,469,0.972281
2018-02-02,piotroski_f_score,456,469,0.972281
2018-02-09,piotroski_f_score,456,469,0.972281
2018-02-16,piotroski_f_score,456,469,0.972281
2018-02-23,piotroski_f_score,456,469,0.972281
2018-03-02,piotroski_f_score,457,469,0.974414
2018-03-09,piotroski_f_score,457,469,0.974414
2018-03-16,piotroski_f_score,457,469,0.974414
2018-03-23,piotroski_f_score,457,469,0.974414
2018-03-30,piotroski_f_score,458,469,0.976546
2018-04-06,piotroski_f_score,458,469,0.976546
2018-04-13,piotroski_f_score,458,469,0.976546
2018-04-20,piotroski_f_score,458,469,0.976546
2018-04-27,piotroski_f_score,458,469,0.976546
2018-05-04,piotroski_f_score,457,469,0.974414
2018-05-11,piotroski_f_score,457,469,0.974414
2018-05-18,piotroski_f_score,457,469,0.974414
2018-05-25,piotroski_f_score,457,469,0.974414
2018-06-01,piotroski_f_score,457,469,0.974414
2018-06-08,piotroski_f_score,457,469,0.974414
2018-06-15,piotroski_f_score,458,469,0.976546
2018-06-22,piotroski_f_score,458,469,0.976546
2018-06-29,piotroski_f_score,458,469,0.976546
2018-07-06,piotroski_f_score,458,469,0.976546
2018-07-13,piotroski_f_score,458,469,0.976546
2018-07-20,piotroski_f_score,458,469,0.976546
2018-07-27,piotroski_f_score,458,469,0.976546
2018-08-03,piotroski_f_score,458,470,0.974468
2018-08-10,piotroski_f_score,460,470,0.978723
2018-08-17,piotroski_f_score,460,470,0.978723
2018-08-24,piotroski_f_score,460,470,0.978723
2018-08-31,piotroski_f_score,460,470,0.978723
2018-09-07,piotroski_f_score,460,470,0.978723
2018-09-14,piotroski_f_score,460,470,0.978723
2018-09-21,piotroski_f_score,460,470,0.978723
2018-09-28,piotroski_f_score,460,470,0.978723
2018-10-05,piotroski_f_score,460,470,0.978723
2018-10-12,piotroski_f_score,460,470,0.978723
2018-10-19,piotroski_f_score,460,470,0.978723
2018-10-26,piotroski_f_score,460,470,0.978723
2018-11-02,piotroski_f_score,461,470,0.980851
2018-11-09,piotroski_f_score,462,470,0.982979
2018-11-16,piotroski_f_score,462,470,0.982979
2018-11-23,piotroski_f_score,462,470,0.982979
2018-11-30,piotroski_f_score,462,470,0.982979
2018-12-07,piotroski_f_score,462,471,0.980892
2018-12-14,piotroski_f_score,462,471,0.980892
2018-12-21,piotroski_f_score,462,471,0.980892
2018-12-28,piotroski_f_score,462,471,0.980892
2019-01-04,piotroski_f_score,462,471,0.980892
2019-01-11,piotroski_f_score,462,471,0.980892
2019-01-18,piotroski_f_score,462,471,0.980892
2019-01-25,piotroski_f_score,462,471,0.980892
2019-02-01,piotroski_f_score,462,471,0.980892
2019-02-08,piotroski_f_score,462,471,0.980892
2019-02-15,piotroski_f_score,462,471,0.980892
2019-02-22,piotroski_f_score,462,471,0.980892
2019-03-01,piotroski_f_score,463,471,0.983015
2019-03-08,piotroski_f_score,463,471,0.983015
2019-03-15,piotroski_f_score,464,473,0.980973
2019-03-22,piotroski_f_score,466,474,0.983122
2019-03-29,piotroski_f_score,466,474,0.983122
2019-04-05,piotroski_f_score,466,474,0.983122
2019-04-12,piotroski_f_score,466,474,0.983122
2019-04-19,piotroski_f_score,466,474,0.983122
2019-04-26,piotroski_f_score,466,474,0.983122
2019-05-03,piotroski_f_score,467,474,0.985232
2019-05-10,piotroski_f_score,468,475,0.985263
2019-05-17,piotroski_f_score,468,475,0.985263
2019-05-24,piotroski_f_score,468,476,0.983193
2019-05-31,piotroski_f_score,470,476,0.987395
2019-06-07,piotroski_f_score,471,476,0.989496
2019-06-14,piotroski_f_score,471,477,0.987421
2019-06-21,piotroski_f_score,471,477,0.987421
2019-06-28,piotroski_f_score,471,477,0.987421
2019-07-05,piotroski_f_score,471,477,0.987421
2019-07-12,piotroski_f_score,471,477,0.987421
2019-07-19,piotroski_f_score,472,477,0.989518
2019-07-26,piotroski_f_score,472,477,0.989518
2019-08-02,piotroski_f_score,472,477,0.989518
2019-08-09,piotroski_f_score,472,477,0.989518
2019-08-16,piotroski_f_score,472,477,0.989518
2019-08-23,piotroski_f_score,472,477,0.989518
2019-08-30,piotroski_f_score,472,477,0.989518
2019-09-06,piotroski_f_score,473,477,0.991614
2019-09-13,piotroski_f_score,473,477,0.991614
2019-09-20,piotroski_f_score,473,478,0.98954
2019-09-27,piotroski_f_score,473,478,0.98954
2019-10-04,piotroski_f_score,473,478,0.98954
2019-10-11,piotroski_f_score,473,478,0.98954
2019-10-18,piotroski_f_score,473,478,0.98954
2019-10-25,piotroski_f_score,473,478,0.98954
2019-11-01,piotroski_f_score,474,478,0.991632
2019-11-08,piotroski_f_score,474,478,0.991632
2019-11-15,piotroski_f_score,475,478,0.993724
2019-11-22,piotroski_f_score,475,478,0.993724
2019-11-29,piotroski_f_score,475,478,0.993724
2019-12-06,piotroski_f_score,475,478,0.993724
2019-12-13,piotroski_f_score,475,478,0.993724
2019-12-20,piotroski_f_score,475,478,0.993724
2019-12-27,piotroski_f_score,475,478,0.993724
2020-01-03,piotroski_f_score,475,478,0.993724
2020-01-10,piotroski_f_score,475,478,0.993724
2020-01-17,piotroski_f_score,475,478,0.993724
2020-01-24,piotroski_f_score,475,478,0.993724
2020-01-31,piotroski_f_score,475,478,0.993724
2020-02-07,piotroski_f_score,475,478,0.993724
2020-02-14,piotroski_f_score,475,478,0.993724
2020-02-21,piotroski_f_score,475,478,0.993724
2020-02-28,piotroski_f_score,475,478,0.993724
2020-03-06,piotroski_f_score,475,478,0.993724
2020-03-13,piotroski_f_score,475,478,0.993724
2020-03-20,piotroski_f_score,475,480,0.989583
2020-03-27,piotroski_f_score,475,480,0.989583
2020-04-03,piotroski_f_score,475,480,0.989583
2020-04-10,piotroski_f_score,475,480,0.989583
2020-04-17,piotroski_f_score,475,480,0.989583
2020-04-24,piotroski_f_score,475,480,0.989583
2020-05-01,piotroski_f_score,475,480,0.989583
2020-05-08,piotroski_f_score,476,480,0.991667
2020-05-15,piotroski_f_score,478,480,0.995833
2020-05-22,piotroski_f_score,478,480,0.995833
2020-05-29,piotroski_f_score,478,480,0.995833
2020-06-05,piotroski_f_score,478,480,0.995833
2020-06-12,piotroski_f_score,478,480,0.995833
2020-06-19,piotroski_f_score,478,480,0.995833
2020-06-26,piotroski_f_score,478,480,0.995833
2020-07-03,piotroski_f_score,478,480,0.995833
2020-07-10,piotroski_f_score,478,480,0.995833
2020-07-17,piotroski_f_score,478,480,0.995833
2020-07-24,piotroski_f_score,478,480,0.995833
2020-07-31,piotroski_f_score,478,480,0.995833
2020-08-07,piotroski_f_score,478,480,0.995833
2020-08-14,piotroski_f_score,478,480,0.995833
2020-08-21,piotroski_f_score,478,480,0.995833
2020-08-28,piotroski_f_score,478,480,0.995833
2020-09-04,piotroski_f_score,478,480,0.995833
2020-09-11,piotroski_f_score,478,480,0.995833
2020-09-18,piotroski_f_score,478,480,0.995833
2020-09-25,piotroski_f_score,478,480,0.995833
2020-10-02,piotroski_f_score,478,481,0.993763
2020-10-09,piotroski_f_score,478,481,0.993763
2020-10-16,piotroski_f_score,478,481,0.993763
2020-10-23,piotroski_f_score,478,481,0.993763
2020-10-30,piotroski_f_score,478,481,0.993763
2020-11-06,piotroski_f_score,478,481,0.993763
2020-11-13,piotroski_f_score,479,481,0.995842
2020-11-20,piotroski_f_score,479,481,0.995842
2020-11-27,piotroski_f_score,479,481,0.995842
2020-12-04,piotroski_f_score,479,481,0.995842
2020-12-11,piotroski_f_score,479,483,0.991718
2020-12-18,piotroski_f_score,479,483,0.991718
2020-12-25,piotroski_f_score,479,483,0.991718
2021-01-01,piotroski_f_score,479,483,0.991718
2021-01-08,piotroski_f_score,479,483,0.991718
2021-01-15,piotroski_f_score,479,483,0.991718
2021-01-22,piotroski_f_score,479,483,0.991718
2021-01-29,piotroski_f_score,479,483,0.991718
2021-02-05,piotroski_f_score,479,483,0.991718
2021-02-12,piotroski_f_score,479,484,0.989669
2021-02-19,piotroski_f_score,479,484,0.989669
2021-02-26,piotroski_f_score,480,484,0.991736
2021-03-05,piotroski_f_score,481,484,0.993802
2021-03-12,piotroski_f_score,481,484,0.993802
2021-03-19,piotroski_f_score,481,484,0.993802
2021-03-26,piotroski_f_score,481,484,0.993802
2021-04-02,piotroski_f_score,481,484,0.993802
2021-04-09,piotroski_f_score,481,484,0.993802
2021-04-16,piotroski_f_score,481,486,0.989712
2021-04-23,piotroski_f_score,481,486,0.989712
2021-04-30,piotroski_f_score,481,486,0.989712
2021-05-07,piotroski_f_score,482,486,0.99177
2021-05-14,piotroski_f_score,485,486,0.997942
2021-05-21,piotroski_f_score,485,486,0.997942
2021-05-28,piotroski_f_score,485,486,0.997942
2021-06-04,piotroski_f_score,485,486,0.997942
2021-06-11,piotroski_f_score,485,486,0.997942
2021-06-18,piotroski_f_score,485,486,0.997942
2021-06-25,piotroski_f_score,485,486,0.997942
2021-07-02,piotroski_f_score,485,486,0.997942
2021-07-09,piotroski_f_score,485,486,0.997942
2021-07-16,piotroski_f_score,485,486,0.997942
2021-07-23,piotroski_f_score,485,486,0.997942
2021-07-30,piotroski_f_score,485,487,0.995893
2021-08-06,piotroski_f_score,485,487,0.995893
2021-08-13,piotroski_f_score,485,487,0.995893
2021-08-20,piotroski_f_score,486,487,0.997947
2021-08-27,piotroski_f_score,486,487,0.997947
2021-09-03,piotroski_f_score,486,487,0.997947
2021-09-10,piotroski_f_score,486,487,0.997947
2021-09-17,piotroski_f_score,486,487,0.997947
2021-09-24,piotroski_f_score,486,487,0.997947
2021-10-01,piotroski_f_score,486,487,0.997947
2021-10-08,piotroski_f_score,486,487,0.997947
2021-10-15,piotroski_f_score,486,487,0.997947
2021-10-22,piotroski_f_score,486,487,0.997947
2021-10-29,piotroski_f_score,486,487,0.997947
2021-11-05,piotroski_f_score,486,487,0.997947
2021-11-12,piotroski_f_score,486,487,0.997947
2021-11-19,piotroski_f_score,486,487,0.997947
2021-11-26,piotroski_f_score,486,487,0.997947
2021-12-03,piotroski_f_score,486,487,0.997947
2021-12-10,piotroski_f_score,486,487,0.997947
2021-12-17,piotroski_f_score,486,487,0.997947
2021-12-24,piotroski_f_score,486,487,0.997947
2021-12-31,piotroski_f_score,486,487,0.997947
2022-01-07,piotroski_f_score,486,487,0.997947
2022-01-14,piotroski_f_score,486,487,0.997947
2022-01-21,piotroski_f_score,486,488,0.995902
2022-01-28,piotroski_f_score,486,488,0.995902
2022-02-04,piotroski_f_score,486,488,0.995902
2022-02-11,piotroski_f_score,486,488,0.995902
2022-02-18,piotroski_f_score,486,488,0.995902
2022-02-25,piotroski_f_score,486,488,0.995902
2022-03-04,piotroski_f_score,486,488,0.995902
2022-03-11,piotroski_f_score,486,488,0.995902
2022-03-18,piotroski_f_score,486,488,0.995902
2022-03-25,piotroski_f_score,486,488,0.995902
2022-04-01,piotroski_f_score,486,488,0.995902
2022-04-08,piotroski_f_score,486,488,0.995902
2022-04-15,piotroski_f_score,486,488,0.995902
2022-04-22,piotroski_f_score,486,488,0.995902
2022-04-29,piotroski_f_score,486,488,0.995902
2022-05-06,piotroski_f_score,486,488,0.995902
2022-05-13,piotroski_f_score,488,488,1.0
2022-05-20,piotroski_f_score,488,488,1.0
2022-05-27,piotroski_f_score,488,488,1.0
2022-06-03,piotroski_f_score,488,488,1.0
2022-06-10,piotroski_f_score,488,488,1.0
2022-06-17,piotroski_f_score,488,488,1.0
2022-06-24,piotroski_f_score,488,488,1.0
2022-07-01,piotroski_f_score,488,488,1.0
2022-07-08,piotroski_f_score,488,488,1.0
2022-07-15,piotroski_f_score,488,488,1.0
2022-07-22,piotroski_f_score,488,488,1.0
2022-07-29,piotroski_f_score,488,488,1.0
2022-08-05,piotroski_f_score,488,488,1.0
2022-08-12,piotroski_f_score,488,488,1.0
2022-08-19,piotroski_f_score,488,488,1.0
2022-08-26,piotroski_f_score,488,488,1.0
2022-09-02,piotroski_f_score,488,488,1.0
2022-09-09,piotroski_f_score,488,488,1.0
2022-09-16,piotroski_f_score,488,488,1.0
2022-09-23,piotroski_f_score,488,488,1.0
2022-09-30,piotroski_f_score,488,488,1.0
2022-10-07,piotroski_f_score,488,488,1.0
2022-10-14,piotroski_f_score,488,488,1.0
2022-10-21,piotroski_f_score,488,488,1.0
2022-10-28,piotroski_f_score,488,488,1.0
2022-11-04,piotroski_f_score,488,488,1.0
2022-11-11,piotroski_f_score,488,488,1.0
2022-11-18,piotroski_f_score,488,488,1.0
2022-11-25,piotroski_f_score,488,488,1.0
2022-12-02,piotroski_f_score,488,488,1.0
2022-12-09,piotroski_f_score,488,488,1.0
2022-12-16,piotroski_f_score,488,489,0.997955
2022-12-23,piotroski_f_score,488,489,0.997955
2022-12-30,piotroski_f_score,488,489,0.997955
2023-01-06,piotroski_f_score,488,489,0.997955
2023-01-13,piotroski_f_score,488,489,0.997955
2023-01-20,piotroski_f_score,488,489,0.997955
2023-01-27,piotroski_f_score,488,489,0.997955
2023-02-03,piotroski_f_score,488,489,0.997955
2023-02-10,piotroski_f_score,488,489,0.997955
2023-02-17,piotroski_f_score,488,489,0.997955
2023-02-24,piotroski_f_score,488,489,0.997955
2023-03-03,piotroski_f_score,488,489,0.997955
2023-03-10,piotroski_f_score,488,489,0.997955
2023-03-17,piotroski_f_score,488,489,0.997955
2023-03-24,piotroski_f_score,488,489,0.997955
2023-03-31,piotroski_f_score,488,489,0.997955
2023-04-07,piotroski_f_score,488,489,0.997955
2023-04-14,piotroski_f_score,488,489,0.997955
2023-04-21,piotroski_f_score,488,489,0.997955
2023-04-28,piotroski_f_score,489,489,1.0
2023-05-05,piotroski_f_score,489,490,0.997959
2023-05-12,piotroski_f_score,489,490,0.997959
2023-05-19,piotroski_f_score,489,490,0.997959
2023-05-26,piotroski_f_score,489,490,0.997959
2023-06-02,piotroski_f_score,490,490,1.0
2023-06-09,piotroski_f_score,490,490,1.0
2023-06-16,piotroski_f_score,490,490,1.0
2023-06-23,piotroski_f_score,490,490,1.0
2023-06-30,piotroski_f_score,490,490,1.0
2023-07-07,piotroski_f_score,490,490,1.0
2023-07-14,piotroski_f_score,490,490,1.0
2023-07-21,piotroski_f_score,490,490,1.0
2023-07-28,piotroski_f_score,490,490,1.0
2023-08-04,piotroski_f_score,490,490,1.0
2023-08-11,piotroski_f_score,490,490,1.0
2023-08-18,piotroski_f_score,490,490,1.0
2023-08-25,piotroski_f_score,490,490,1.0
2023-09-01,piotroski_f_score,490,490,1.0
2023-09-08,piotroski_f_score,490,490,1.0
2023-09-15,piotroski_f_score,490,490,1.0
2023-09-22,piotroski_f_score,490,490,1.0
2023-09-29,piotroski_f_score,490,490,1.0
2023-10-06,piotroski_f_score,490,491,0.997963
2023-10-13,piotroski_f_score,490,491,0.997963
2023-10-20,piotroski_f_score,490,491,0.997963
2023-10-27,piotroski_f_score,491,491,1.0
2023-11-03,piotroski_f_score,491,491,1.0
2023-11-10,piotroski_f_score,492,491,1.0
2023-11-17,piotroski_f_score,492,491,1.0
2023-11-24,piotroski_f_score,492,491,1.0
2023-12-01,piotroski_f_score,492,491,1.0
2023-12-08,piotroski_f_score,492,491,1.0
2023-12-15,piotroski_f_score,492,491,1.0
2023-12-22,piotroski_f_score,492,491,1.0
2023-12-29,piotroski_f_score,492,491,1.0
2016-01-08,profitability,5,460,0.01087
2016-01-15,profitability,5,460,0.01087
2016-01-22,profitability,7,460,0.015217
2016-01-29,profitability,26,460,0.056522
2016-02-05,profitability,57,460,0.123913
2016-02-12,profitability,95,460,0.206522
2016-02-19,profitability,133,460,0.28913
2016-02-26,profitability,209,460,0.454348
2016-03-04,profitability,232,460,0.504348
2016-03-11,profitability,244,460,0.530435
2016-03-18,profitability,245,460,0.532609
2016-03-25,profitability,251,460,0.545652
2016-04-01,profitability,258,460,0.56087
2016-04-08,profitability,258,460,0.56087
2016-04-15,profitability,258,460,0.56087
2016-04-22,profitability,258,460,0.56087
2016-04-29,profitability,258,460,0.56087
2016-05-06,profitability,257,460,0.558696
2016-05-13,profitability,255,460,0.554348
2016-05-20,profitability,255,460,0.554348
2016-05-27,profitability,255,460,0.554348
2016-06-03,profitability,255,460,0.554348
2016-06-10,profitability,256,460,0.556522
2016-06-17,profitability,256,460,0.556522
2016-06-24,profitability,256,460,0.556522
2016-07-01,profitability,256,460,0.556522
2016-07-08,profitability,256,461,0.555315
2016-07-15,profitability,257,461,0.557484
2016-07-22,profitability,257,461,0.557484
2016-07-29,profitability,258,461,0.559653
2016-08-05,profitability,260,461,0.563991
2016-08-12,profitability,260,461,0.563991
2016-08-19,profitability,260,462,0.562771
2016-08-26,profitability,260,462,0.562771
2016-09-02,profitability,260,462,0.562771
2016-09-09,profitability,260,462,0.562771
2016-09-16,profitability,260,462,0.562771
2016-09-23,profitability,260,463,0.561555
2016-09-30,profitability,261,463,0.563715
2016-10-07,profitability,260,464,0.560345
2016-10-14,profitability,259,464,0.55819
2016-10-21,profitability,259,464,0.55819
2016-10-28,profitability,259,464,0.55819
2016-11-04,profitability,260,465,0.55914
2016-11-11,profitability,260,465,0.55914
2016-11-18,profitability,260,465,0.55914
2016-11-25,profitability,260,465,0.55914
2016-12-02,profitability,260,465,0.55914
2016-12-09,profitability,260,465,0.55914
2016-12-16,profitability,260,465,0.55914
2016-12-23,profitability,261,465,0.56129
2016-12-30,profitability,261,465,0.56129
2017-01-06,profitability,261,465,0.56129
2017-01-13,profitability,261,465,0.56129
2017-01-20,profitability,261,465,0.56129
2017-01-27,profitability,261,465,0.56129
2017-02-03,profitability,261,466,0.560086
2017-02-10,profitability,262,466,0.562232
2017-02-17,profitability,262,466,0.562232
2017-02-24,profitability,263,466,0.564378
2017-03-03,profitability,266,466,0.570815
2017-03-10,profitability,266,466,0.570815
2017-03-17,profitability,266,466,0.570815
2017-03-24,profitability,266,466,0.570815
2017-03-31,profitability,266,466,0.570815
2017-04-07,profitability,266,466,0.570815
2017-04-14,profitability,266,466,0.570815
2017-04-21,profitability,266,466,0.570815
2017-04-28,profitability,266,467,0.569593
2017-05-05,profitability,263,467,0.563169
2017-05-12,profitability,261,468,0.557692
2017-05-19,profitability,261,468,0.557692
2017-05-26,profitability,261,468,0.557692
2017-06-02,profitability,261,468,0.557692
2017-06-09,profitability,261,468,0.557692
2017-06-16,profitability,261,468,0.557692
2017-06-23,profitability,261,468,0.557692
2017-06-30,profitability,261,468,0.557692
2017-07-07,profitability,261,468,0.557692
2017-07-14,profitability,261,468,0.557692
2017-07-21,profitability,261,468,0.557692
2017-07-28,profitability,261,468,0.557692
2017-08-04,profitability,263,468,0.561966
2017-08-11,profitability,264,468,0.564103
2017-08-18,profitability,264,468,0.564103
2017-08-25,profitability,264,468,0.564103
2017-09-01,profitability,264,468,0.564103
2017-09-08,profitability,264,468,0.564103
2017-09-15,profitability,264,468,0.564103
2017-09-22,profitability,264,468,0.564103
2017-09-29,profitability,264,468,0.564103
2017-10-06,profitability,263,468,0.561966
2017-10-13,profitability,263,468,0.561966
2017-10-20,profitability,263,468,0.561966
2017-10-27,profitability,263,468,0.561966
2017-11-03,profitability,264,468,0.564103
2017-11-10,profitability,265,468,0.566239
2017-11-17,profitability,265,468,0.566239
2017-11-24,profitability,265,468,0.566239
2017-12-01,profitability,265,468,0.566239
2017-12-08,profitability,265,468,0.566239
2017-12-15,profitability,265,468,0.566239
2017-12-22,profitability,265,468,0.566239
2017-12-29,profitability,265,468,0.566239
2018-01-05,profitability,265,469,0.565032
2018-01-12,profitability,265,469,0.565032
2018-01-19,profitability,265,469,0.565032
2018-01-26,profitability,265,469,0.565032
2018-02-02,profitability,265,469,0.565032
2018-02-09,profitability,268,469,0.571429
2018-02-16,profitability,269,469,0.573561
2018-02-23,profitability,269,469,0.573561
2018-03-02,profitability,271,469,0.577825
2018-03-09,profitability,271,469,0.577825
2018-03-16,profitability,271,469,0.577825
2018-03-23,profitability,271,469,0.577825
2018-03-30,profitability,271,469,0.577825
2018-04-06,profitability,271,469,0.577825
2018-04-13,profitability,271,469,0.577825
2018-04-20,profitability,271,469,0.577825
2018-04-27,profitability,271,469,0.577825
2018-05-04,profitability,269,469,0.573561
2018-05-11,profitability,268,469,0.571429
2018-05-18,profitability,268,469,0.571429
2018-05-25,profitability,268,469,0.571429
2018-06-01,profitability,268,469,0.571429
2018-06-08,profitability,268,469,0.571429
2018-06-15,profitability,269,469,0.573561
2018-06-22,profitability,269,469,0.573561
2018-06-29,profitability,269,469,0.573561
2018-07-06,profitability,269,469,0.573561
2018-07-13,profitability,270,469,0.575693
2018-07-20,profitability,271,469,0.577825
2018-07-27,profitability,271,469,0.577825
2018-08-03,profitability,271,470,0.576596
2018-08-10,profitability,273,470,0.580851
2018-08-17,profitability,273,470,0.580851
2018-08-24,profitability,273,470,0.580851
2018-08-31,profitability,272,470,0.578723
2018-09-07,profitability,272,470,0.578723
2018-09-14,profitability,272,470,0.578723
2018-09-21,profitability,273,470,0.580851
2018-09-28,profitability,273,470,0.580851
2018-10-05,profitability,273,470,0.580851
2018-10-12,profitability,273,470,0.580851
2018-10-19,profitability,272,470,0.578723
2018-10-26,profitability,271,470,0.576596
2018-11-02,profitability,273,470,0.580851
2018-11-09,profitability,274,470,0.582979
2018-11-16,profitability,274,470,0.582979
2018-11-23,profitability,273,470,0.580851
2018-11-30,profitability,272,470,0.578723
2018-12-07,profitability,273,471,0.579618
2018-12-14,profitability,273,471,0.579618
2018-12-21,profitability,270,471,0.573248
2018-12-28,profitability,270,471,0.573248
2019-01-04,profitability,270,471,0.573248
2019-01-11,profitability,269,471,0.571125
2019-01-18,profitability,269,471,0.571125
2019-01-25,profitability,270,471,0.573248
2019-02-01,profitability,270,471,0.573248
2019-02-08,profitability,272,471,0.577495
2019-02-15,profitability,273,471,0.579618
2019-02-22,profitability,276,471,0.585987
2019-03-01,profitability,279,471,0.592357
2019-03-08,profitability,279,471,0.592357
2019-03-15,profitability,279,473,0.589852
2019-03-22,profitability,280,474,0.590717
2019-03-29,profitability,280,474,0.590717
2019-04-05,profitability,280,474,0.590717
2019-04-12,profitability,280,474,0.590717
2019-04-19,profitability,281,474,0.592827
2019-04-26,profitability,280,474,0.590717
2019-05-03,profitability,279,474,0.588608
2019-05-10,profitability,281,475,0.591579
2019-05-17,profitability,281,475,0.591579
2019-05-24,profitability,281,476,0.590336
2019-05-31,profitability,283,476,0.594538
2019-06-07,profitability,283,476,0.594538
2019-06-14,profitability,283,477,0.593291
2019-06-21,profitability,283,477,0.593291
2019-06-28,profitability,283,477,0.593291
2019-07-05,profitability,283,477,0.593291
2019-07-12,profitability,283,477,0.593291
2019-07-19,profitability,284,477,0.595388
2019-07-26,profitability,285,477,0.597484
2019-08-02,profitability,287,477,0.601677
2019-08-09,profitability,290,477,0.607966
2019-08-16,profitability,290,477,0.607966
2019-08-23,profitability,290,477,0.607966
2019-08-30,profitability,290,477,0.607966
2019-09-06,profitability,291,477,0.610063
2019-09-13,profitability,291,477,0.610063
2019-09-20,profitability,291,478,0.608787
2019-09-27,profitability,291,478,0.608787
2019-10-04,profitability,291,478,0.608787
2019-10-11,profitability,290,478,0.606695
2019-10-18,profitability,290,478,0.606695
2019-10-25,profitability,290,478,0.606695
2019-11-01,profitability,291,478,0.608787
2019-11-08,profitability,292,478,0.610879
2019-11-15,profitability,292,478,0.610879
2019-11-22,profitability,292,478,0.610879
2019-11-29,profitability,292,478,0.610879
2019-12-06,profitability,292,478,0.610879
2019-12-13,profitability,292,478,0.610879
2019-12-20,profitability,291,478,0.608787
2019-12-27,profitability,291,478,0.608787
2020-01-03,profitability,291,478,0.608787
2020-01-10,profitability,290,478,0.606695
2020-01-17,profitability,290,478,0.606695
2020-01-24,profitability,290,478,0.606695
2020-01-31,profitability,290,478,0.606695
2020-02-07,profitability,292,478,0.610879
2020-02-14,profitability,294,478,0.615063
2020-02-21,profitability,296,478,0.619247
2020-02-28,profitability,296,478,0.619247
2020-03-06,profitability,296,478,0.619247
2020-03-13,profitability,296,478,0.619247
2020-03-20,profitability,296,480,0.616667
2020-03-27,profitability,296,480,0.616667
2020-04-03,profitability,296,480,0.616667
2020-04-10,profitability,296,480,0.616667
2020-04-17,profitability,296,480,0.616667
2020-04-24,profitability,295,480,0.614583
2020-05-01,profitability,294,480,0.6125
2020-05-08,profitability,291,480,0.60625
2020-05-15,profitability,291,480,0.60625
2020-05-22,profitability,290,480,0.604167
2020-05-29,profitability,289,480,0.602083
2020-06-05,profitability,289,480,0.602083
2020-06-12,profitability,289,480,0.602083
2020-06-19,profitability,289,480,0.602083
2020-06-26,profitability,289,480,0.602083
2020-07-03,profitability,289,480,0.602083
2020-07-10,profitability,289,480,0.602083
2020-07-17,profitability,290,480,0.604167
2020-07-24,profitability,291,480,0.60625
2020-07-31,profitability,290,480,0.604167
2020-08-07,profitability,289,480,0.602083
2020-08-14,profitability,289,480,0.602083
2020-08-21,profitability,289,480,0.602083
2020-08-28,profitability,289,480,0.602083
2020-09-04,profitability,289,480,0.602083
2020-09-11,profitability,288,480,0.6
2020-09-18,profitability,288,480,0.6
2020-09-25,profitability,288,480,0.6
2020-10-02,profitability,288,481,0.598753
2020-10-09,profitability,287,481,0.596674
2020-10-16,profitability,287,481,0.596674
2020-10-23,profitability,287,481,0.596674
2020-10-30,profitability,289,481,0.600832
2020-11-06,profitability,289,481,0.600832
2020-11-13,profitability,290,481,0.602911
2020-11-20,profitability,290,481,0.602911
2020-11-27,profitability,290,481,0.602911
2020-12-04,profitability,290,481,0.602911
2020-12-11,profitability,290,483,0.600414
2020-12-18,profitability,290,483,0.600414
2020-12-25,profitability,290,483,0.600414
2021-01-01,profitability,290,483,0.600414
2021-01-08,profitability,289,483,0.598344
2021-01-15,profitability,289,483,0.598344
2021-01-22,profitability,289,483,0.598344
2021-01-29,profitability,288,483,0.596273
2021-02-05,profitability,287,483,0.594203
2021-02-12,profitability,288,484,0.595041
2021-02-19,profitability,288,484,0.595041
2021-02-26,profitability,288,484,0.595041
2021-03-05,profitability,289,484,0.597107
2021-03-12,profitability,290,484,0.599174
2021-03-19,profitability,290,484,0.599174
2021-03-26,profitability,290,484,0.599174
2021-04-02,profitability,290,484,0.599174
2021-04-09,profitability,291,484,0.60124
2021-04-16,profitability,291,486,0.598765
2021-04-23,profitability,292,486,0.600823
2021-04-30,profitability,293,486,0.602881
2021-05-07,profitability,292,486,0.600823
2021-05-14,profitability,294,486,0.604938
2021-05-21,profitability,294,486,0.604938
2021-05-28,profitability,293,486,0.602881
2021-06-04,profitability,293,486,0.602881
2021-06-11,profitability,293,486,0.602881
2021-06-18,profitability,293,486,0.602881
2021-06-25,profitability,293,486,0.602881
2021-07-02,profitability,293,486,0.602881
2021-07-09,profitability,293,486,0.602881
2021-07-16,profitability,293,486,0.602881
2021-07-23,profitability,293,486,0.602881
2021-07-30,profitability,294,487,0.603696
2021-08-06,profitability,293,487,0.601643
2021-08-13,profitability,293,487,0.601643
2021-08-20,profitability,293,487,0.601643
2021-08-27,profitability,293,487,0.601643
2021-09-03,profitability,293,487,0.601643
2021-09-10,profitability,293,487,0.601643
2021-09-17,profitability,293,487,0.601643
2021-09-24,profitability,293,487,0.601643
2021-10-01,profitability,293,487,0.601643
2021-10-08,profitability,292,487,0.599589
2021-10-15,profitability,292,487,0.599589
2021-10-22,profitability,293,487,0.601643
2021-10-29,profitability,293,487,0.601643
2021-11-05,profitability,290,487,0.595483
2021-11-12,profitability,290,487,0.595483
2021-11-19,profitability,290,487,0.595483
2021-11-26,profitability,290,487,0.595483
2021-12-03,profitability,290,487,0.595483
2021-12-10,profitability,290,487,0.595483
2021-12-17,profitability,290,487,0.595483
2021-12-24,profitability,290,487,0.595483
2021-12-31,profitability,290,487,0.595483
2022-01-07,profitability,289,487,0.593429
2022-01-14,profitability,289,487,0.593429
2022-01-21,profitability,289,488,0.592213
2022-01-28,profitability,288,488,0.590164
2022-02-04,profitability,289,488,0.592213
2022-02-11,profitability,287,488,0.588115
2022-02-18,profitability,286,488,0.586066
2022-02-25,profitability,283,488,0.579918
2022-03-04,profitability,282,488,0.577869
2022-03-11,profitability,283,488,0.579918
2022-03-18,profitability,283,488,0.579918
2022-03-25,profitability,283,488,0.579918
2022-04-01,profitability,284,488,0.581967
2022-04-08,profitability,284,488,0.581967
2022-04-15,profitability,284,488,0.581967
2022-04-22,profitability,284,488,0.581967
2022-04-29,profitability,284,488,0.581967
2022-05-06,profitability,285,488,0.584016
2022-05-13,profitability,286,488,0.586066
2022-05-20,profitability,286,488,0.586066
2022-05-27,profitability,285,488,0.584016
2022-06-03,profitability,285,488,0.584016
2022-06-10,profitability,285,488,0.584016
2022-06-17,profitability,285,488,0.584016
2022-06-24,profitability,285,488,0.584016
2022-07-01,profitability,286,488,0.586066
2022-07-08,profitability,286,488,0.586066
2022-07-15,profitability,286,488,0.586066
2022-07-22,profitability,286,488,0.586066
2022-07-29,profitability,287,488,0.588115
2022-08-05,profitability,286,488,0.586066
2022-08-12,profitability,286,488,0.586066
2022-08-19,profitability,286,488,0.586066
2022-08-26,profitability,286,488,0.586066
2022-09-02,profitability,286,488,0.586066
2022-09-09,profitability,286,488,0.586066
2022-09-16,profitability,286,488,0.586066
2022-09-23,profitability,286,488,0.586066
2022-09-30,profitability,286,488,0.586066
2022-10-07,profitability,285,488,0.584016
2022-10-14,profitability,285,488,0.584016
2022-10-21,profitability,285,488,0.584016
2022-10-28,profitability,285,488,0.584016
2022-11-04,profitability,285,488,0.584016
2022-11-11,profitability,285,488,0.584016
2022-11-18,profitability,285,488,0.584016
2022-11-25,profitability,286,488,0.586066
2022-12-02,profitability,286,488,0.586066
2022-12-09,profitability,286,488,0.586066
2022-12-16,profitability,286,489,0.584867
2022-12-23,profitability,286,489,0.584867
2022-12-30,profitability,286,489,0.584867
2023-01-06,profitability,286,489,0.584867
2023-01-13,profitability,286,489,0.584867
2023-01-20,profitability,286,489,0.584867
2023-01-27,profitability,285,489,0.582822
2023-02-03,profitability,284,489,0.580777
2023-02-10,profitability,285,489,0.582822
2023-02-17,profitability,284,489,0.580777
2023-02-24,profitability,282,489,0.576687
2023-03-03,profitability,283,489,0.578732
2023-03-10,profitability,283,489,0.578732
2023-03-17,profitability,283,489,0.578732
2023-03-24,profitability,283,489,0.578732
2023-03-31,profitability,284,489,0.580777
2023-04-07,profitability,284,489,0.580777
2023-04-14,profitability,284,489,0.580777
2023-04-21,profitability,283,489,0.578732
2023-04-28,profitability,285,489,0.582822
2023-05-05,profitability,287,490,0.585714
2023-05-12,profitability,285,490,0.581633
2023-05-19,profitability,285,490,0.581633
2023-05-26,profitability,285,490,0.581633
2023-06-02,profitability,286,490,0.583673
2023-06-09,profitability,286,490,0.583673
2023-06-16,profitability,286,490,0.583673
2023-06-23,profitability,286,490,0.583673
2023-06-30,profitability,286,490,0.583673
2023-07-07,profitability,286,490,0.583673
2023-07-14,profitability,286,490,0.583673
2023-07-21,profitability,286,490,0.583673
2023-07-28,profitability,288,490,0.587755
2023-08-04,profitability,288,490,0.587755
2023-08-11,profitability,288,490,0.587755
2023-08-18,profitability,288,490,0.587755
2023-08-25,profitability,288,490,0.587755
2023-09-01,profitability,288,490,0.587755
2023-09-08,profitability,288,490,0.587755
2023-09-15,profitability,288,490,0.587755
2023-09-22,profitability,288,490,0.587755
2023-09-29,profitability,288,490,0.587755
2023-10-06,profitability,287,491,0.584521
2023-10-13,profitability,287,491,0.584521
2023-10-20,profitability,287,491,0.584521
2023-10-27,profitability,288,491,0.586558
2023-11-03,profitability,289,491,0.588595
2023-11-10,profitability,289,491,0.588595
2023-11-17,profitability,289,491,0.588595
2023-11-24,profitability,289,491,0.588595
2023-12-01,profitability,289,491,0.588595
2023-12-08,profitability,289,491,0.588595
2023-12-15,profitability,289,491,0.588595
2023-12-22,profitability,289,491,0.588595
2023-12-29,profitability,289,491,0.588595
